Title,Image URL,Year,Time,Audience Type,Rating,Vote Count,Metacritic Score,Content,Director,Stars,Movie Link
1. Iron Man,"https://m.media-amazon.com/images/M/MV5BMTczNTI2ODUwOF5BMl5BanBnXkFtZTcwMTU0NTIzMw@@._V1_QL75_UX140_CR0,0,140,207_.jpg",2008,2h 6m,12A,7.9,(1.1M),79,"After being held captive in an Afghan cave, billionaire engineer Tony Stark creates a unique weaponized suit of armor to fight evil.",Jon Favreau,Jon Favreau,https://www.imdb.com/title/tt0371746/?ref_=ls_t_1
2. The Incredible Hulk,"https://m.media-amazon.com/images/M/MV5BMTUyNzk3MjA1OF5BMl5BanBnXkFtZTcwMTE1Njg2MQ@@._V1_QL75_UX140_CR0,0,140,207_.jpg",2008,1h 52m,12A,6.6,(529K),61,"Bruce Banner, a scientist on the run from the U.S. Government, must find a cure for the monster he turns into whenever he loses his temper.",Louis Leterrier,Robert Downey Jr.,https://www.imdb.com/title/tt0800080/?ref_=ls_t_2
3. Iron Man 2,"https://m.media-amazon.com/images/M/MV5BZGVkNDAyM2EtYzYxYy00ZWUxLTgwMjgtY2VmODE5OTk3N2M5XkEyXkFqcGdeQXVyNTgzMDMzMTg@._V1_QL75_UY207_CR0,0,140,207_.jpg",2010,2h 4m,12A,6.9,(878K),57,"With the world now aware of his identity as Iron Man, Tony Stark must contend with both his declining health and a vengeful mad man with ties to his father's legacy.",Jon Favreau,Gwyneth Paltrow,https://www.imdb.com/title/tt1228705/?ref_=ls_t_3
4. Thor,"https://m.media-amazon.com/images/M/MV5BOGE4NzU1YTAtNzA3Mi00ZTA2LTg2YmYtMDJmMThiMjlkYjg2XkEyXkFqcGdeQXVyNTgzMDMzMTg@._V1_QL75_UX140_CR0,0,140,207_.jpg",2011,1h 55m,12A,7.0,(909K),57,"The powerful but arrogant god Thor is cast out of Asgard to live amongst humans in Midgard (Earth), where he soon becomes one of their finest defenders.",Kenneth Branagh,Terrence Howard,https://www.imdb.com/title/tt0800369/?ref_=ls_t_4
5. Captain America: The First Avenger,"https://m.media-amazon.com/images/M/MV5BNzAxMjg0NjYtNjNlOS00NTdlLThkMGEtMjAwYjk3NmNkOGFhXkEyXkFqcGdeQXVyNTgzMDMzMTg@._V1_QL75_UY207_CR3,0,140,207_.jpg",2011,2h 4m,12A,6.9,(906K),66,"Steve Rogers, a rejected military soldier, transforms into Captain America after taking a dose of a ""Super-Soldier serum"". But being Captain America comes at a price as he attempts to take down a warmonger and a terrorist organization.",Joe Johnston,Louis Leterrier,https://www.imdb.com/title/tt0458339/?ref_=ls_t_5
6. Avengers Assemble,"https://m.media-amazon.com/images/M/MV5BNDYxNjQyMjAtNTdiOS00NGYwLWFmNTAtNThmYjU5ZGI2YTI1XkEyXkFqcGdeQXVyMTMxODk2OTU@._V1_QL75_UX140_CR0,0,140,207_.jpg",2012,2h 23m,12A,8.0,(1.5M),69,Earth's mightiest heroes must come together and learn to fight as a team if they are going to stop the mischievous Loki and his alien army from enslaving humanity.,Joss Whedon,Edward Norton,https://www.imdb.com/title/tt0848228/?ref_=ls_t_6
7. Iron Man 3,"https://m.media-amazon.com/images/M/MV5BMjIzMzAzMjQyM15BMl5BanBnXkFtZTcwNzM2NjcyOQ@@._V1_QL75_UX140_CR0,0,140,207_.jpg",2013,2h 10m,12A,7.1,(908K),62,"When Tony Stark's world is torn apart by a formidable terrorist called the Mandarin, he starts an odyssey of rebuilding and retribution.",Shane Black,Liv Tyler,https://www.imdb.com/title/tt1300854/?ref_=ls_t_7
8. Thor: The Dark World,"https://m.media-amazon.com/images/M/MV5BMTQyNzAwOTUxOF5BMl5BanBnXkFtZTcwMTE0OTc5OQ@@._V1_QL75_UY207_CR3,0,140,207_.jpg",2013,1h 52m,12A,6.8,(732K),54,"When the Dark Elves attempt to plunge the universe into darkness, Thor must embark on a perilous and personal journey that will reunite him with doctor Jane Foster.",Alan Taylor,Tim Roth,https://www.imdb.com/title/tt1981115/?ref_=ls_t_8
9. Captain America: The Winter Soldier,"https://m.media-amazon.com/images/M/MV5BYzMyN2I0NjMtYmZhZS00MWJkLWE1MTktNGM2ZDhmNDE1ZDc0XkEyXkFqcGdeQXVyNDg2NzE0MjE@._V1_QL75_UX140_CR0,0,140,207_.jpg",2014,2h 16m,12A,7.7,(908K),70,"As Steve Rogers struggles to embrace his role in the modern world, he teams up with a fellow Avenger and S.H.I.E.L.D agent, Black Widow, to battle a new threat from history: an assassin known as the Winter Soldier.",Anthony Russo,Jon Favreau,https://www.imdb.com/title/tt1843866/?ref_=ls_t_9
10. Guardians of the Galaxy,"https://m.media-amazon.com/images/M/MV5BNDIzMTk4NDYtMjg5OS00ZGI0LWJhZDYtMzdmZGY1YWU5ZGNkXkEyXkFqcGdeQXVyMTI5NzUyMTIz._V1_QL75_UX140_CR0,0,140,207_.jpg",2014,2h 1m,12A,8.0,(1.3M),76,A group of intergalactic criminals must pull together to stop a fanatical warrior with plans to purge the universe.,Joe Russo,Robert Downey Jr.,https://www.imdb.com/title/tt2015381/?ref_=ls_t_10
11. Avengers: Age of Ultron,"https://m.media-amazon.com/images/M/MV5BMTM4OGJmNWMtOTM4Ni00NTE3LTg3MDItZmQxYjc4N2JhNmUxXkEyXkFqcGdeQXVyNTgzMDMzMTg@._V1_QL75_UX140_CR0,0,140,207_.jpg",2015,2h 21m,12A,7.3,(933K),66,"When Tony Stark and Bruce Banner try to jump-start a dormant peacekeeping program called Ultron, things go horribly wrong and it's up to Earth's mightiest heroes to stop the villainous Ultron from enacting his terrible plan.",James Gunn,Mickey Rourke,https://www.imdb.com/title/tt2395427/?ref_=ls_t_11
12. Ant-Man,"https://m.media-amazon.com/images/M/MV5BMjM2NTQ5Mzc2M15BMl5BanBnXkFtZTgwNTcxMDI2NTE@._V1_QL75_UX140_CR0,0,140,207_.jpg",2015,1h 57m,12A,7.2,(730K),64,"Armed with a super-suit with the astonishing ability to shrink in scale but increase in strength, cat burglar Scott Lang must embrace his inner hero and help his mentor, Dr. Hank Pym, pull off a plan that will save the world.",Joss Whedon,Gwyneth Paltrow,https://www.imdb.com/title/tt0478970/?ref_=ls_t_12
13. Captain America: Civil War,"https://m.media-amazon.com/images/M/MV5BMjQ0MTgyNjAxMV5BMl5BanBnXkFtZTgwNjUzMDkyODE@._V1_QL75_UX140_CR0,0,140,207_.jpg",2016,2h 27m,12A,7.8,(861K),75,Political involvement in the Avengers' affairs causes a rift between Captain America and Iron Man.,Peyton Reed,Kenneth Branagh,https://www.imdb.com/title/tt3498820/?ref_=ls_t_13
14. Doctor Strange,"https://m.media-amazon.com/images/M/MV5BNjgwNzAzNjk1Nl5BMl5BanBnXkFtZTgwMzQ2NjI1OTE@._V1_QL75_UX140_CR0,0,140,207_.jpg",2016,1h 55m,12A,7.5,(816K),72,"While on a journey of physical and spiritual healing, a brilliant neurosurgeon is drawn into the world of the mystic arts.",Anthony Russo,Chris Hemsworth,https://www.imdb.com/title/tt1211837/?ref_=ls_t_14
15. Guardians of the Galaxy: Vol. 2,"https://m.media-amazon.com/images/M/MV5BNjM0NTc0NzItM2FlYS00YzEwLWE0YmUtNTA2ZWIzODc2OTgxXkEyXkFqcGdeQXVyNTgwNzIyNzg@._V1_QL75_UX140_CR0,0,140,207_.jpg",2017,2h 16m,12A,7.6,(769K),67,"The Guardians struggle to keep together as a team while dealing with their personal family issues, notably Star-Lord's encounter with his father, the ambitious celestial being Ego.",Joe Russo,Anthony Hopkins,https://www.imdb.com/title/tt3896198/?ref_=ls_t_15
16. Spider-Man: Homecoming,"https://m.media-amazon.com/images/M/MV5BODY2MTAzOTQ4M15BMl5BanBnXkFtZTgwNzg5MTE0MjI@._V1_QL75_UX140_CR0,0,140,207_.jpg",2017,2h 13m,12A,7.4,(730K),73,Peter Parker tries to stop Adrian 'The Vulture' Toomes from selling weapons made with advanced Chitauri technology while trying to balance his life as an ordinary high school student.,Scott Derrickson,Natalie Portman,https://www.imdb.com/title/tt2250912/?ref_=ls_t_16
17. Thor: Ragnarok,"https://m.media-amazon.com/images/M/MV5BMjMyNDkzMzI1OF5BMl5BanBnXkFtZTgwODcxODg5MjI@._V1_QL75_UX140_CR0,0,140,207_.jpg",2017,2h 10m,12A,7.9,(827K),74,"Imprisoned on the planet Sakaar, Thor must race against time to return to Asgard and stop Ragnarök, the destruction of his world, at the hands of the powerful and ruthless villain Hela.",James Gunn,Joe Johnston,https://www.imdb.com/title/tt3501632/?ref_=ls_t_17
18. Black Panther,"https://m.media-amazon.com/images/M/MV5BMTg1MTY2MjYzNV5BMl5BanBnXkFtZTgwMTc4NTMwNDI@._V1_QL75_UX140_CR0,0,140,207_.jpg",2018,2h 14m,12A,7.3,(847K),88,"T'Challa, heir to the hidden but advanced kingdom of Wakanda, must step forward to lead his people into a new future and must confront a challenger from his country's past.",Jon Watts,Chris Evans,https://www.imdb.com/title/tt1825683/?ref_=ls_t_18
19. Avengers: Infinity War,"https://m.media-amazon.com/images/M/MV5BMjMxNjY2MDU1OV5BMl5BanBnXkFtZTgwNzY1MTUwNTM@._V1_QL75_UX140_CR0,0,140,207_.jpg",2018,2h 29m,12A,8.4,(1.2M),68,The Avengers and their allies must be willing to sacrifice all in an attempt to defeat the powerful Thanos before his blitz of devastation and ruin puts an end to the universe.,Taika Waititi,Hugo Weaving,https://www.imdb.com/title/tt4154756/?ref_=ls_t_19
20. Ant-Man and the Wasp,"https://m.media-amazon.com/images/M/MV5BYjcyYTk0N2YtMzc4ZC00Y2E0LWFkNDgtNjE1MzZmMGE1YjY1XkEyXkFqcGdeQXVyMTMxODk2OTU@._V1_QL75_UX140_CR0,0,140,207_.jpg",2018,1h 58m,12A,7.0,(456K),70,"As Scott Lang balances being both a superhero and a father, Hope van Dyne and Dr. Hank Pym present an urgent new mission that finds the Ant-Man fighting alongside The Wasp to uncover secrets from their past.",Ryan Coogler,Samuel L. Jackson,https://www.imdb.com/title/tt5095030/?ref_=ls_t_20
21. Captain Marvel,"https://m.media-amazon.com/images/M/MV5BMTE0YWFmOTMtYTU2ZS00ZTIxLWE3OTEtYTNiYzBkZjViZThiXkEyXkFqcGdeQXVyODMzMzQ4OTI@._V1_QL75_UX140_CR0,0,140,207_.jpg",2019,2h 3m,PG-13,6.8,(618K),64,Carol Danvers becomes one of the universe's most powerful heroes when Earth is caught in the middle of a galactic war between two alien races.,Anthony Russo,Joss Whedon,https://www.imdb.com/title/tt4154664/?ref_=ls_t_21
22. Avengers: Endgame,"https://m.media-amazon.com/images/M/MV5BMTc5MDE2ODcwNV5BMl5BanBnXkFtZTgwMzI2NzQ2NzM@._V1_QL75_UX140_CR0,0,140,207_.jpg",2019,3h 1m,12A,8.4,(1.3M),78,"After the devastating events of Avengers: Infinity War (2018), the universe is in ruins. With the help of remaining allies, the Avengers assemble once more in order to reverse Thanos' actions and restore balance to the universe.",Joe Russo,Robert Downey Jr.,https://www.imdb.com/title/tt4154796/?ref_=ls_t_22
23. Spider-Man: Far from Home,"https://m.media-amazon.com/images/M/MV5BODA5MTY0OWUtNjdlOC00NDI5LWE3NjYtNDM4MDI2MzE4OWUxXkEyXkFqcGdeQXVyOTAzODkzMjI@._V1_QL75_UX140_CR0,0,140,207_.jpg",2019,2h 9m,12A,7.4,(568K),69,"Peter Parker, the beloved superhero Spider-Man, faces four destructive elemental monsters while on holiday in Europe. Soon, he receives help from Mysterio, a fellow hero with mysterious origins.",Peyton Reed,Chris Evans,https://www.imdb.com/title/tt6320628/?ref_=ls_t_23
24. Guardians of the Galaxy Vol. 3,"https://m.media-amazon.com/images/M/MV5BMDgxOTdjMzYtZGQxMS00ZTAzLWI4Y2UtMTQzN2VlYjYyZWRiXkEyXkFqcGdeQXVyMTkxNjUyNQ@@._V1_QL75_UX140_CR0,0,140,207_.jpg",2023,2h 30m,12A,7.9,(394K),64,"Still reeling from the loss of Gamora, Peter Quill rallies his team to defend the universe and one of their own - a mission that could mean the end of the Guardians if not successful.",Anna Boden,Scarlett Johansson,https://www.imdb.com/title/tt6791350/?ref_=ls_t_24
25. Black Widow,"https://m.media-amazon.com/images/M/MV5BNjRmNDI5MjMtMmFhZi00YzcwLWI4ZGItMGI2MjI0N2Q3YmIwXkEyXkFqcGdeQXVyMTkxNjUyNQ@@._V1_QL75_UX140_CR0,0,140,207_.jpg",2021,2h 14m,12A,6.6,(433K),68,Natasha Romanoff confronts the darker parts of her ledger when a dangerous conspiracy with ties to her past arises.,Ryan Fleck,Shane Black,https://www.imdb.com/title/tt3480822/?ref_=ls_t_25
1. Snow White and the Seven Dwarfs,"https://m.media-amazon.com/images/M/MV5BMTQwMzE2Mzc4M15BMl5BanBnXkFtZTcwMTE4NTc1Nw@@._V1_QL75_UX140_CR0,1,140,207_.jpg",1937,1h 23m,A,7.6,(218K),96,"This is a list of films from Walt Disney Animation Studios and formerly known as Walt Disney Feature Animation, Walt Disney Productions and Disney Brothers Cartoon Studio, which creates animated feature films for The Walt Disney Company.",William Cottrell,William Cottrell,https://www.imdb.com/title/tt0029583/?ref_=ls_t_1
2. Pinocchio,"https://m.media-amazon.com/images/M/MV5BMTU4Mzk3ODIyOF5BMl5BanBnXkFtZTgwODgyNzk2NjE@._V1_QL75_UX140_CR0,3,140,207_.jpg",1940,1h 28m,U,7.5,(162K),99,"Exiled into the dangerous forest by her wicked stepmother, a princess is rescued by seven dwarf miners who make her part of their household.",David Hand,David Hand,https://www.imdb.com/title/tt0032910/?ref_=ls_t_2
3. Fantasia,"https://m.media-amazon.com/images/M/MV5BYjhlYzNkOGEtZjNkZC00OTQ4LWJiMzEtMTM3YzBiM2FkMDUxXkEyXkFqcGdeQXVyNzY1NDgwNjQ@._V1_QL75_UX140_CR0,7,140,207_.jpg",1940,2h 4m,U,7.7,(105K),96,"A living puppet, with the help of a cricket as his conscience, must prove himself worthy to become a real boy.",Wilfred Jackson,Wilfred Jackson,https://www.imdb.com/title/tt0032455/?ref_=ls_t_3
4. Dumbo,"https://m.media-amazon.com/images/M/MV5BMmU1NjQ3YjktZGMxYS00N2IwLTllZWQtOGNjYWE4MzgxNzk2XkEyXkFqcGdeQXVyODU2MDg1NzU@._V1_QL75_UX140_CR0,2,140,207_.jpg",1941,1h 4m,U,7.2,(143K),96,"A series of eight famous pieces of classical music, conducted by Leopold Stokowski and interpreted in animation by Walt Disney's team of artists.",Norman Ferguson,Adriana Caselotti,https://www.imdb.com/title/tt0033563/?ref_=ls_t_4
5. Bambi,"https://m.media-amazon.com/images/M/MV5BNTVhMDc3MzYtNzI4Ni00YmNmLTkzM2YtMjBhMGFkODFjOTk4XkEyXkFqcGdeQXVyMTU3NDU4MDg2._V1_QL75_UX140_CR0,1,140,207_.jpg",1942,1h 9m,U,7.3,(156K),91,"Ridiculed because of his enormous ears, a young circus elephant is assisted by a mouse to achieve his full potential.",T. Hee,Harry Stockwell,https://www.imdb.com/title/tt0034492/?ref_=ls_t_5
6. Saludos Amigos,"https://m.media-amazon.com/images/M/MV5BYmYyNjdlZTItMzNkMy00ZTg1LWFhMmItYTkzMmJkMjIyZDM3XkEyXkFqcGdeQXVyNjc5NjEzNA@@._V1_QL75_UX140_CR0,1,140,207_.jpg",1942,42m,Approved,6.0,(8.1K),60,The story of a young deer growing up in the forest.,Wilfred Jackson,Lucille La Verne,https://www.imdb.com/title/tt0036326/?ref_=ls_t_6
7. The Three Caballeros,"https://m.media-amazon.com/images/M/MV5BNTYzMmFmNjYtYzJmMy00ZGViLTlkNjItYjMwYzA3ZjRkZTBkXkEyXkFqcGdeQXVyNjI1Mjk4MTg@._V1_QL75_UX140_CR0,4,140,207_.jpg",1944,1h 11m,U,6.3,(16K),85,Disney animators tour South America and present four animated shorts inspired by their trip.,James Algar,Norman Ferguson,https://www.imdb.com/title/tt0038166/?ref_=ls_t_7
8. Make Mine Music,"https://m.media-amazon.com/images/M/MV5BZGY0MGE1NDQtNTM5NS00YjkzLTgwMDQtMzQ2OGU2MzRkMzBjXkEyXkFqcGdeQXVyNjc5NjEzNA@@._V1_QL75_UX140_CR0,1,140,207_.jpg",1946,1h 15m,U,6.1,(5K),60,"Donald receives his birthday gifts, which include traditional gifts and information about Brazil (hosted by Zé Carioca) and Mexico (by Panchito, a Mexican Charro Rooster).",Samuel Armstrong,T. Hee,https://www.imdb.com/title/tt0038718/?ref_=ls_t_8
9. Fun & Fancy Free,"https://m.media-amazon.com/images/M/MV5BNWQzNTEzYjctODJiZi00NDRmLTkwODctNTczMzQ5ZDQyMTFjXkEyXkFqcGdeQXVyNjczMzgwMDg@._V1_QL75_UX140_CR0,1,140,207_.jpg",1947,1h 13m,U,6.4,(9.6K),66,Animation done to contemporary popular music.,Ford Beebe Jr.,Wilfred Jackson,https://www.imdb.com/title/tt0039404/?ref_=ls_t_9
10. Melody Time,"https://m.media-amazon.com/images/M/MV5BOTc2NTYxNDAtNDA0NC00ZGNiLTk2N2UtZDkzYzdmMjZkZDcwXkEyXkFqcGdeQXVyMTY5Nzc4MDY@._V1_QL75_UX140_CR0,2,140,207_.jpg",1948,1h 15m,U,6.1,(7.1K),69,"Jiminy Cricket hosts two Disney animated shorts: ""Bongo,"" about a circus bear escaping to the wild, and ""Mickey and the Beanstalk,"" a take on the famous fairy tale.",Samuel Armstrong,Dickie Jones,https://www.imdb.com/title/tt0040580/?ref_=ls_t_10
11. The Adventures of Ichabod and Mr. Toad,"https://m.media-amazon.com/images/M/MV5BNjAzZDA2MWItZDdjMi00NTBlLTg5OTItYWQ1YTA1NGNiMGVhL2ltYWdlXkEyXkFqcGdeQXVyNjQ2MjQ5NzM@._V1_QL75_UX140_CR0,1,140,207_.jpg",1949,1h 8m,PG,6.8,(18K),74,An anthology of animated vignettes set to contemporary music.,Norman Ferguson,Christian Rub,https://www.imdb.com/title/tt0041094/?ref_=ls_t_11
12. Cinderella,"https://m.media-amazon.com/images/M/MV5BODFmMmE3ODItN2VlNi00NWFkLTg1N2EtZTNkMTIyM2IzNWZhXkEyXkFqcGdeQXVyMTE0OTMwOTg@._V1_QL75_UX140_CR0,2,140,207_.jpg",1950,1h 14m,U,7.3,(176K),85,"An animated adaptation of ""The Wind in the Willows"" followed by an adaptation of ""The Legend of Sleepy Hollow"".",Wilfred Jackson,Mel Blanc,https://www.imdb.com/title/tt0042332/?ref_=ls_t_12
13. Alice in Wonderland,"https://m.media-amazon.com/images/M/MV5BMTgyMjM2NTAxMF5BMl5BanBnXkFtZTgwNjU1NDc2MTE@._V1_QL75_UX140_CR0,0,140,207_.jpg",1951,1h 15m,U,7.3,(156K),68,"When Cinderella's cruel stepmother prevents her from attending the Royal Ball, she gets some unexpected help from the lovable mice Gus and Jaq and from her Fairy Godmother.",James Algar,James Algar,https://www.imdb.com/title/tt0043274/?ref_=ls_t_13
14. Peter Pan,"https://m.media-amazon.com/images/M/MV5BMzIwMzUyYTUtMjQ3My00NDc3LWIyZjQtOGUzNDJmNTFlNWUxXkEyXkFqcGdeQXVyMjA0MDQ0Mjc@._V1_QL75_UX140_CR0,1,140,207_.jpg",1953,1h 17m,U,7.3,(155K),76,Alice stumbles into the world of Wonderland. Will she get home? Not if the Queen of Hearts has her way.,Samuel Armstrong,Samuel Armstrong,https://www.imdb.com/title/tt0046183/?ref_=ls_t_14
15. Lady and the Tramp,"https://m.media-amazon.com/images/M/MV5BYTI1ZDc1OTItM2EzNS00ODMxLWIxYzctOTc5YWNiYzI3NGZiXkEyXkFqcGdeQXVyNDE5MTU2MDE@._V1_QL75_UY207_CR1,0,140,207_.jpg",1955,1h 16m,U,7.3,(150K),78,"Wendy and her brothers are whisked away to the magical world of Neverland with the hero of their stories, Peter Pan.",David Hand,Ford Beebe Jr.,https://www.imdb.com/title/tt0048280/?ref_=ls_t_15
16. Sleeping Beauty,"https://m.media-amazon.com/images/M/MV5BOTJmZjA3MjMtMWNmZS00YTliLWFhMWUtZDU2NGJhNTlmY2ZkL2ltYWdlL2ltYWdlXkEyXkFqcGdeQXVyMTQxNzMzNDI@._V1_QL75_UY207_CR1,0,140,207_.jpg",1959,1h 15m,U,7.2,(162K),85,The romantic tale of a sheltered uptown Cocker Spaniel dog and a streetwise downtown Mutt.,Wilfred Jackson,Leopold Stokowski,https://www.imdb.com/title/tt0053285/?ref_=ls_t_16
17. 101 Dalmatians,"https://m.media-amazon.com/images/M/MV5BZGMyMjE4OGUtNGZmMC00YzdmLThkMWYtZWIzMmEzNjA4MzVkXkEyXkFqcGdeQXVyMTQxNzMzNDI@._V1_QL75_UX140_CR0,1,140,207_.jpg",1961,1h 19m,U,7.3,(184K),83,"After being snubbed by the royal family, a malevolent fairy places a curse on a princess which only a prince can break, along with the help of three good fairies.",Jack Kinney,Deems Taylor,https://www.imdb.com/title/tt0055254/?ref_=ls_t_17
18. The Sword in the Stone,"https://m.media-amazon.com/images/M/MV5BODc2MjAyZDYtNWYwZi00YTQwLWE0ZDMtMjM2NTJmYWMxMmQ0XkEyXkFqcGdeQXVyNTQxMTIxMTk@._V1_QL75_UX140_CR0,3,140,207_.jpg",1963,1h 19m,U,7.1,(107K),61,"When a litter of Dalmatian puppies are abducted by the minions of Cruella De Vil, the owners must find them before she uses them for a diabolical fashion statement.",Hamilton Luske,The Philadelphia Orchestra,https://www.imdb.com/title/tt0057546/?ref_=ls_t_18
19. The Jungle Book,"https://m.media-amazon.com/images/M/MV5BYmY1MTA3NmUtYzJmZC00YTFjLTk2NzktYTJhMWQ0ZTlkNzJjXkEyXkFqcGdeQXVyNjc5NjEzNA@@._V1_QL75_UX140_CR0,1,140,207_.jpg",1967,1h 18m,U,7.6,(201K),65,"A poor boy named Arthur learns the power of love, kindness, knowledge and bravery with the help of a wizard called Merlin in the path to become one of the most beloved kings in English history.",Norman Ferguson,Samuel Armstrong,https://www.imdb.com/title/tt0061852/?ref_=ls_t_19
20. The AristoCats,"https://m.media-amazon.com/images/M/MV5BMTU1MzM0MjcxMF5BMl5BanBnXkFtZTgwODQ0MzcxMTE@._V1_QL75_UX140_CR0,0,140,207_.jpg",1970,1h 18m,U,7.1,(116K),66,Bagheera the Panther and Baloo the Bear have a difficult time trying to convince a boy to leave the jungle for human civilization.,Clyde Geronimi,Norman Ferguson,https://www.imdb.com/title/tt0065421/?ref_=ls_t_20
21. Robin Hood,"https://m.media-amazon.com/images/M/MV5BYjUwMzhkM2ItMTU2OC00OTQ5LWJlMDUtMzRmYjc0NDUyNGVhL2ltYWdlL2ltYWdlXkEyXkFqcGdeQXVyMTQxNzMzNDI@._V1_QL75_UX140_CR0,1,140,207_.jpg",1973,1h 23m,U,7.5,(140K),57,"With the help of a smooth talking tomcat, a family of Parisian felines set to inherit a fortune from their owner try to make it back home after a jealous butler kidnaps them and leaves them in the country.",Jack Kinney,Wilfred Jackson,https://www.imdb.com/title/tt0070608/?ref_=ls_t_21
22. The Many Adventures of Winnie the Pooh,"https://m.media-amazon.com/images/M/MV5BMjViYmUyZTUtNTkwNC00ODNiLWIyYmEtYjM3ZjE2NGNiZDNmXkEyXkFqcGdeQXVyNDUzNzgxODE@._V1_QL75_UX140_CR0,2,140,207_.jpg",1977,1h 14m,U,7.5,(40K),74,The story of the legendary British outlaw portrayed with the characters as anthropomorphic animals.,Robert Cormack,Sterling Holloway,https://www.imdb.com/title/tt0076363/?ref_=ls_t_22
23. The Rescuers,"https://m.media-amazon.com/images/M/MV5BZDkyNDQyN2ItOGM5ZC00MDM0LWI4MzgtMTZmNjQzNmIyNDk1XkEyXkFqcGdeQXVyMjI4NDQ1Mzc@._V1_QL75_UY207_CR4,0,140,207_.jpg",1977,1h 17m,U,6.9,(71K),65,"In this collection of animated shorts based on the stories and characters by A.A. Milne, Winnie the Pooh, a honey-loving teddy bear, embarks on some eccentric adventures.",Clyde Geronimi,Edward Brophy,https://www.imdb.com/title/tt0076618/?ref_=ls_t_23
24. The Fox and the Hound,"https://m.media-amazon.com/images/M/MV5BMDQzZWRlYjctMjE0ZS00NWU5LWE3NzktYzZiNzJiM2UxMDczXkEyXkFqcGdeQXVyNjUwNzk3NDc@._V1_QL75_UX140_CR0,3,140,207_.jpg",1981,1h 23m,U,7.2,(103K),59,Two mice of the Rescue Aid Society search for a little girl kidnapped by unscrupulous treasure hunters.,Jack Kinney,Herman Bing,https://www.imdb.com/title/tt0082406/?ref_=ls_t_24
1. The 40 Year-Old Virgin,"https://m.media-amazon.com/images/M/MV5BNWY1NDI0ZTQtMjJiNS00ODY4LWE1NmUtYTkwNzY3NWQ0ZDZjXkEyXkFqcGdeQXVyMTM0NTc2NDgw._V1_QL75_UX140_CR0,0,140,207_.jpg",2005,1h 56m,15,7.1,(473K),73,"Goaded by his buddies, a nerdy guy who's never ""done the deed"" only finds the pressure mounting when he meets a single mother.",Judd Apatow,Judd Apatow,https://www.imdb.com/title/tt0405422/?ref_=ls_t_1
2. Anger Management,"https://m.media-amazon.com/images/M/MV5BMDg1YTNiODItZGYyOC00NGIwLWI3MjYtMTY3NDQ0ZDIwYjBiXkEyXkFqcGdeQXVyMTQxNzMzNDI@._V1_QL75_UX140_CR0,1,140,207_.jpg",2003,1h 46m,15,6.3,(230K),52,"Dave Buznik is a businessman who is wrongly sentenced to an anger management program, where he meets an aggressive instructor.",Peter Segal,Steve Carell,https://www.imdb.com/title/tt0305224/?ref_=ls_t_2
3. As Good as It Gets,"https://m.media-amazon.com/images/M/MV5BNWMxZTgzMWEtMTU0Zi00NDc5LWFkZjctMzUxNDIyNzZiMmNjXkEyXkFqcGdeQXVyMTQxNzMzNDI@._V1_QL75_UY207_CR0,0,140,207_.jpg",1997,2h 19m,15,7.7,(322K),67,"A single mother and waitress, a misanthropic author, and a gay artist form an unlikely friendship after the artist is assaulted in a robbery.",James L. Brooks,Catherine Keener,https://www.imdb.com/title/tt0119822/?ref_=ls_t_3
4. Beauty Shop,"https://m.media-amazon.com/images/M/MV5BM2Y4OTQ1NzYtYzlmMi00ZTdmLTk5YzYtOWYxZGE5MTI4OGY5XkEyXkFqcGdeQXVyNjk1Njg5NTA@._V1_QL75_UY207_CR0,0,140,207_.jpg",2005,1h 45m,12A,5.6,(19K),53,A determined hairstylist (Queen Latifah) competes with her former boss (Kevin Bacon) after opening her own business in Atlanta.,Bille Woodruff,Paul Rudd,https://www.imdb.com/title/tt0388500/?ref_=ls_t_4
5. Blazing Saddles,"https://m.media-amazon.com/images/M/MV5BZGZmMWE1MDYtNzAyNC00MDMzLTgzZjQtNTQ5NjYzN2E4MzkzXkEyXkFqcGdeQXVyNDk3NzU2MTQ@._V1_QL75_UY207_CR1,0,140,207_.jpg",1974,1h 33m,AA,7.7,(154K),73,"In order to ruin a western town and steal their land, a corrupt politician appoints a black sheriff, who promptly becomes his most formidable adversary.",Mel Brooks,Peter Segal,https://www.imdb.com/title/tt0071230/?ref_=ls_t_5
6. Caddyshack,"https://m.media-amazon.com/images/M/MV5BMjhlNzFiNTAtMGY4OC00ODFjLWI2NWQtZDMwNTNlMTJmNGM2XkEyXkFqcGdeQXVyNDUzNzgxODE@._V1_QL75_UX140_CR0,1,140,207_.jpg",1980,1h 38m,AA,7.2,(128K),48,An exclusive golf course has to deal with a flatulent new member and a destructive dancing gopher.,Harold Ramis,Jack Nicholson,https://www.imdb.com/title/tt0080487/?ref_=ls_t_6
7. Casino Royale,"https://m.media-amazon.com/images/M/MV5BZmY3MDQ5NDktYzViZC00NTgwLTg1MDktMDlkNmYzYjk4NDJhXkEyXkFqcGdeQXVyNjc5NjEzNA@@._V1_QL75_UX140_CR0,1,140,207_.jpg",1967,2h 11m,PG,5.0,(33K),48,"In an early spy spoof, aging Sir James Bond comes out of retirement to take on SMERSH.",Val Guest,Adam Sandler,https://www.imdb.com/title/tt0061452/?ref_=ls_t_7
8. Click,"https://m.media-amazon.com/images/M/MV5BMTA1MTUxNDY4NzReQTJeQWpwZ15BbWU2MDE3ODAxNw@@._V1_QL75_UX140_CR0,0,140,207_.jpg",2006,1h 47m,12A,6.4,(361K),45,A workaholic architect finds a universal remote that allows him to fast-forward and rewind to different parts of his life. Complications arise when the remote starts to overrule his choices.,Ken Hughes,Marisa Tomei,https://www.imdb.com/title/tt0389860/?ref_=ls_t_8
9. Deathtrap,"https://m.media-amazon.com/images/M/MV5BMjQ4NTE1NjUwNl5BMl5BanBnXkFtZTgwMzEzNTU1NTM@._V1_QL75_UY207_CR1,0,140,207_.jpg",1982,1h 56m,PG,7.0,(16K),54,"A struggling playwright invites a young writer to his home to discuss a script, but the meeting spirals into a deadly game of deception and betrayal.",John Huston,James L. Brooks,https://www.imdb.com/title/tt0083806/?ref_=ls_t_9
10. The Devil Wears Prada,"https://m.media-amazon.com/images/M/MV5BZjQ3ZTIzOTItMGNjNC00MWRmLWJlMGEtMjJmMDM5ZDIzZGM3XkEyXkFqcGdeQXVyMTkzODUwNzk@._V1_QL75_UY207_CR0,0,140,207_.jpg",2006,1h 49m,PG,6.9,(479K),62,"A smart but sensible new graduate lands a job as an assistant to Miranda Priestly, the demanding editor-in-chief of a high fashion magazine.",Frank Coraci,Jack Nicholson,https://www.imdb.com/title/tt0458352/?ref_=ls_t_10
11. Diary of a Mad Black Woman,"https://m.media-amazon.com/images/M/MV5BMTIyOTA1NTg0NV5BMl5BanBnXkFtZTcwMzE2MzgyMQ@@._V1_QL75_UX140_CR0,0,140,207_.jpg",2005,1h 56m,12,5.7,(16K),36,A couple's seemingly solid marriage begins to crumble when the wife discovers that her husband intends to divorce her.,Sidney Lumet,Helen Hunt,https://www.imdb.com/title/tt0422093/?ref_=ls_t_11
12. The First Wives Club,"https://m.media-amazon.com/images/M/MV5BOTUxMDkzMTItMzAxMC00MWY5LTk1N2ItMTEzOTRmZDYzOTE4XkEyXkFqcGdeQXVyMjA0MzYwMDY@._V1_QL75_UY207_CR0,0,140,207_.jpg",1996,1h 43m,PG,6.4,(55K),59,"Reunited by the death of a college friend, three divorced women seek revenge on the husbands who left them for younger women.",David Frankel,Greg Kinnear,https://www.imdb.com/title/tt0116313/?ref_=ls_t_12
13. A Fish Called Wanda,"https://m.media-amazon.com/images/M/MV5BNTQ0ODhiNjEtMDFiYi00NmZhLWJkMzQtNTBkOGQwOTliZDAxXkEyXkFqcGdeQXVyMTQxNzMzNDI@._V1_QL75_UX140_CR0,1,140,207_.jpg",1988,1h 48m,15,7.5,(155K),80,"In London, four very different people team up on a jewel heist, then try to double-cross one another for the loot, complicated by their efforts to fool the very proper barrister Archibald Leach.",Darren Grant,Bille Woodruff,https://www.imdb.com/title/tt0095159/?ref_=ls_t_13
14. The Full Monty,"https://m.media-amazon.com/images/M/MV5BY2NjMGQzZmItMTMwYS00MDA2LWFmZmYtNjA4MTQ2ODNjYzRiXkEyXkFqcGdeQXVyMjUzOTY1NTc@._V1_QL75_UX140_CR0,0,140,207_.jpg",1997,1h 31m,15,7.2,(115K),75,"Six unemployed steel workers form a male striptease act. The women cheer them on to go for ""the full monty"" - total nudity.",Hugh Wilson,Queen Latifah,https://www.imdb.com/title/tt0119164/?ref_=ls_t_14
15. The Gods Must Be Crazy,"https://m.media-amazon.com/images/M/MV5BMmExNTIzZTQtMmUxNC00NTUwLTg1MTgtMzUxYWE5ZjdmZGRmXkEyXkFqcGdeQXVyMTUzMDUzNTI3._V1_QL75_UX140_CR0,2,140,207_.jpg",1980,1h 49m,PG,7.3,(60K),73,"A comic allegory about a traveling Bushman who encounters modern civilization and its stranger aspects, including a clumsy scientist and a band of revolutionaries.",Charles Crichton,Alicia Silverstone,https://www.imdb.com/title/tt0080801/?ref_=ls_t_15
16. Guarding Tess,"https://m.media-amazon.com/images/M/MV5BNzFkM2RiNWQtOWQxNy00ZWNmLWIyZTktNmJjZmY1ZTliZjU1XkEyXkFqcGdeQXVyNzc5MjA3OA@@._V1_QL75_UX140_CR0,1,140,207_.jpg",1994,1h 36m,12,6.2,(20K),50,"A former U.S. First Lady wants a particular Secret Service agent to head her bodyguard detail, even though he can't stand her.",John Cleese,Djimon Hounsou,https://www.imdb.com/title/tt0109951/?ref_=ls_t_16
17. Hopscotch,"https://m.media-amazon.com/images/M/MV5BNmZhNWEyNmYtOWQyNy00OTY2LTk3MDQtMjM1YWVlOGRlMWMyXkEyXkFqcGdeQXVyMTUzMDUzNTI3._V1_QL75_UX140_CR0,3,140,207_.jpg",1980,1h 46m,AA,7.1,(9.1K),59,"Grounded with a desk job by incompetent superiors, a clever CIA agent retires and writes a tell all memoir that will embarrass his bosses, prompting him to go on the run and elude them.",Peter Cattaneo,Mel Brooks,https://www.imdb.com/title/tt0080889/?ref_=ls_t_17
18. Legally Blonde,"https://m.media-amazon.com/images/M/MV5BNTEyNjUwMTkxMV5BMl5BanBnXkFtZTcwNjk0NDk0NA@@._V1_QL75_UX140_CR0,1,140,207_.jpg",2001,1h 36m,12,6.5,(253K),80,"Elle Woods, a fashionable sorority queen, is dumped by her boyfriend. She decides to follow him to law school. While she is there, she figures out that there is more to her than just looks.",Jamie Uys,Cleavon Little,https://www.imdb.com/title/tt0250494/?ref_=ls_t_18
19. Little Miss Sunshine,"https://m.media-amazon.com/images/M/MV5BMTgzNTgzODU0NV5BMl5BanBnXkFtZTcwMjEyMjMzMQ@@._V1_QL75_UY207_CR0,0,140,207_.jpg",2006,1h 41m,15,7.8,(523K),91,A family determined to get their young daughter into the finals of a beauty pageant take a cross-country trip in their VW bus.,Hugh Wilson,Gene Wilder,https://www.imdb.com/title/tt0449059/?ref_=ls_t_19
20. Monty Python and the Holy Grail,"https://m.media-amazon.com/images/M/MV5BN2IyNTE4YzUtZWU0Mi00MGIwLTgyMmQtMzQ4YzQxYWNlYWE2XkEyXkFqcGdeQXVyNjU0OTQ0OTY@._V1_QL75_UX140_CR0,1,140,207_.jpg",1975,1h 31m,12A,8.2,(575K),68,"King Arthur and his Knights of the Round Table embark on a surreal, low-budget search for the Holy Grail, encountering many, very silly obstacles.",Ronald Neame,Slim Pickens,https://www.imdb.com/title/tt0071853/?ref_=ls_t_20
21. My Cousin Vinny,"https://m.media-amazon.com/images/M/MV5BMTQxNDYzMTg1M15BMl5BanBnXkFtZTgwNzk4MDgxMTE@._V1_QL75_UX140_CR0,0,140,207_.jpg",1992,2h,15,7.6,(143K),26,"Two New Yorkers accused of murder in rural Alabama while on their way back to college call in the help of one of their cousins, a loudmouth lawyer with no trial experience.",Robert Luketic,Harold Ramis,https://www.imdb.com/title/tt0104952/?ref_=ls_t_21
22. A Night at the Opera,"https://m.media-amazon.com/images/M/MV5BMTYyNjgwMDg4NF5BMl5BanBnXkFtZTgwNTQ5MTM4MTE@._V1_QL75_UY207_CR1,0,140,207_.jpg",1935,1h 36m,U,7.8,(35K),69,A sly business manager and the wacky friends of two opera singers in Italy help them achieve success in America while humiliating their stuffy and snobbish enemies.,Jonathan Dayton,Chevy Chase,https://www.imdb.com/title/tt0026778/?ref_=ls_t_22
23. Patch Adams,"https://m.media-amazon.com/images/M/MV5BNzM4Y2FlNzYtZmY5Yy00NzU4LTk1ODItY2NjYWYzYzUyZGM3L2ltYWdlXkEyXkFqcGdeQXVyMTQxNzMzNDI@._V1_QL75_UX140_CR0,1,140,207_.jpg",1998,1h 55m,12,6.8,(123K),98,"The true story of a heroic man, Hunter ""Patch"" Adams, determined to become a medical doctor because he enjoys helping people. He ventured where no doctor had ventured before, using humour and pathos.",Valerie Faris,Rodney Dangerfield,https://www.imdb.com/title/tt0129290/?ref_=ls_t_23
1. Pitch Black,"https://m.media-amazon.com/images/M/MV5BNTNmYzE1OWYtZDdjNC00OTdhLTg1YjUtYWJlZTVkMzkzNmVkXkEyXkFqcGdeQXVyMTQxNzMzNDI@._V1_QL75_UY207_CR0,0,140,207_.jpg",2000,1h 49m,15,7.0,(255K),49,A transport ship crashes and leaves its crew stranded on a desert planet inhabited by bloodthirsty creatures that come out during an eclipse.,David Twohy,David Twohy,https://www.imdb.com/title/tt0134847/?ref_=ls_t_1
2. Isn't She Great,"https://m.media-amazon.com/images/M/MV5BYmYyYmY5MWYtMjA0Yi00ZjgzLWE5ZjItNjdhOGRjMTc0MzY0XkEyXkFqcGdeQXVyNjU0NTI0Nw@@._V1_QL75_UX140_CR0,0,140,207_.jpg",2000,1h 35m,15,5.3,(2.6K),34,"Bette Midler and Nathan Lane star in this comedy about Jacqueline Susann, the ambitious woman of dubious talent who wrote Valley of the Dolls, a best-selling novel that became a sensation.",Andrew Bergman,Radha Mitchell,https://www.imdb.com/title/tt0141399/?ref_=ls_t_2
3. Erin Brockovich,"https://m.media-amazon.com/images/M/MV5BYTA1NWRkNTktNDMxNS00NjE4LWEzMDAtNzA3YzlhYzRhNDA4L2ltYWdlXkEyXkFqcGdeQXVyMTQxNzMzNDI@._V1_QL75_UX140_CR0,0,140,207_.jpg",2000,2h 11m,15,7.4,(224K),73,An unemployed single mother becomes a legal assistant and almost single-handedly brings down a California power company accused of polluting a city's water supply.,Steven Soderbergh,Cole Hauser,https://www.imdb.com/title/tt0195685/?ref_=ls_t_3
4. The Skulls,"https://m.media-amazon.com/images/M/MV5BODA2OTQ0NzctZTYwNi00N2E2LWJhN2UtOTc4N2UzYWRiOWVjL2ltYWdlXkEyXkFqcGdeQXVyMTQxNzMzNDI@._V1_QL75_UX140_CR0,1,140,207_.jpg",2000,1h 46m,15,5.6,(34K),24,"A senior at an ivy league college, who depends on scholarships and working on the side, gets accepted into the secret society The Skulls. He hopes it betters chances at Harvard but The Skulls is not what he thought and comes at a price.",Rob Cohen,Vin Diesel,https://www.imdb.com/title/tt0192614/?ref_=ls_t_4
5. U-571,"https://m.media-amazon.com/images/M/MV5BMDE0YzUwMzMtY2NhZS00OGYxLWFhOWItN2ZlZThjOTA0NDQ4L2ltYWdlL2ltYWdlXkEyXkFqcGdeQXVyMTQxNzMzNDI@._V1_QL75_UX140_CR0,1,140,207_.jpg",2000,1h 56m,12,6.6,(88K),62,A German submarine is boarded by disguised American submariners trying to capture their Enigma cipher machine.,Jonathan Mostow,Andrew Bergman,https://www.imdb.com/title/tt0141926/?ref_=ls_t_5
6. The Flintstones in Viva Rock Vegas,"https://m.media-amazon.com/images/M/MV5BNTUzYzQzMGQtNTYyNS00NmUzLThmZmUtMmIyNjQzNDU4YWYwXkEyXkFqcGdeQXVyNTUyMzE4Mzg@._V1_QL75_UY207_CR0,0,140,207_.jpg",2000,1h 30m,PG,3.7,(26K),27,"In this live-action prequel to The Flintstones (1994), the Flintstones and the Rubbles go on a trip to Rock Vegas, where Wilma Slaghoople is pursued by playboy Chip Rockefeller.",Brian Levant,Bette Midler,https://www.imdb.com/title/tt0158622/?ref_=ls_t_6
7. Gladiator,"https://m.media-amazon.com/images/M/MV5BMDliMmNhNDEtODUyOS00MjNlLTgxODEtN2U3NzIxMGVkZTA1L2ltYWdlXkEyXkFqcGdeQXVyNjU0OTQ0OTY@._V1_QL75_UX140_CR0,0,140,207_.jpg",2000,2h 35m,15,8.5,(1.6M),67,A former Roman General sets out to exact vengeance against the corrupt emperor who murdered his family and sent him into slavery.,Ridley Scott,Nathan Lane,https://www.imdb.com/title/tt0172495/?ref_=ls_t_7
8. Screwed,"https://m.media-amazon.com/images/M/MV5BYWE4NGU0NWMtNzNiZC00ZTFiLThiMTYtMGFkYjVmMjk5Nzk3XkEyXkFqcGdeQXVyMTA0MTM5NjI2._V1_QL75_UX140_CR0,1,140,207_.jpg",2000,1h 21m,15,5.6,(9.6K),7,"A chauffeur kidnaps his rich boss's dog to hold it for ransom, but when she accidentally gets the dog back, she thinks that it's the chauffeur who's been kidnapped.",Scott Alexander,Stockard Channing,https://www.imdb.com/title/tt0156323/?ref_=ls_t_8
9. The Adventures of Rocky & Bullwinkle,"https://m.media-amazon.com/images/M/MV5BNWNiYmIwNjItNTYzNC00NzQyLTlkOTEtM2M4NDg4NTQxYmMzXkEyXkFqcGdeQXVyNTUyMzE4Mzg@._V1_QL75_UX140_CR0,0,140,207_.jpg",2000,1h 32m,U,4.3,(21K),36,"When enemies Boris, Natasha, and Fearless Leader escape into the real world with a nefarious scheme, Rocky and Bullwinkle do the same, and team up with a young F.B.I. Agent to stop the trio.",Larry Karaszewski,Steven Soderbergh,https://www.imdb.com/title/tt0131704/?ref_=ls_t_9
10. Nutty Professor II: The Klumps,"https://m.media-amazon.com/images/M/MV5BNjcyOWM2NTUtYzRjYS00ZTQ4LWFlZGItNTE2MDg4MGIxNjAyXkEyXkFqcGdeQXVyNTUyMzE4Mzg@._V1_QL75_UY207_CR5,0,140,207_.jpg",2000,1h 46m,12,4.5,(54K),38,"Scientist Sherman Klump's inventions, his upcoming marriage to his pretty colleague Denise Gaines, and his reputation, are threatened by his evil clone Buddy Love.",Des McAnuff,Julia Roberts,https://www.imdb.com/title/tt0144528/?ref_=ls_t_10
11. Bring It On,"https://m.media-amazon.com/images/M/MV5BZmFlOWY1YTMtOGRkZC00ODRmLTlkNTQtZDBhNGU1Y2E0NmE1XkEyXkFqcGdeQXVyNDUzNzgxODE@._V1_QL75_UY207_CR4,0,140,207_.jpg",2000,1h 38m,12,6.1,(107K),52,A champion high school cheerleading squad discovers its previous captain stole all their best routines from an inner-city school and must scramble to compete at this year's championships.,Peter Segal,Albert Finney,https://www.imdb.com/title/tt0204946/?ref_=ls_t_11
12. The Watcher,"https://m.media-amazon.com/images/M/MV5BZGE4ZDRiNmItOTdhNy00YjFkLWEzMWQtYTZkZjhmNTg3ZGYyXkEyXkFqcGdeQXVyMjUzOTY1NTc@._V1_QL75_UX140_CR0,0,140,207_.jpg",2000,1h 37m,15,5.3,(29K),22,"David Allen Griffin is a cool killer- time and time again, he chooses a female victim, studies her for weeks till he knows her routine to the smallest detail, makes meticulous preparations using his forensic knowledge to gain entry when she's quite alone, subdues her and administers a long, torturous death. Joel Campbell got so frustrated by his failure to capture Griffin in Los Angeles, that he quit the FBI, moved to Chicago, and remains in psychiatric therapy, unable to function normally. Then he realizes, when opening his mail very late, that a new murder victim is Griffin's, and the killer sent him pictures of her. Campbell reports this to the police, but is unwilling to join them in the search, suggesting Griffin is too slick and clever; yet he won't get out of it that easily.",Peyton Reed,David Brisbin,https://www.imdb.com/title/tt0204626/?ref_=ls_t_12
13. Meet the Parents,"https://m.media-amazon.com/images/M/MV5BMGNlMGZiMmUtZjU0NC00MWU4LWI0YTgtYzdlNGVhZGU4NWZlXkEyXkFqcGdeQXVyNjU0OTQ0OTY@._V1_QL75_UX140_CR0,0,140,207_.jpg",2000,1h 48m,12,7.0,(359K),73,"Chicago male nurse and chronic under-achiever Greg Focker meets his charming teacher girlfriend Pam Byrnes' parents Jack and Dina before proposing, but suspicious Jack is an overprotective former CIA agent - every date's worst nightmare.",Joe Charbanic,Rob Cohen,https://www.imdb.com/title/tt0212338/?ref_=ls_t_13
14. How the Grinch Stole Christmas,"https://m.media-amazon.com/images/M/MV5BNWNiNTczNzEtMjQyZC00MjFmLTkzMDMtODk4ZGMyZmE0N2E4XkEyXkFqcGdeQXVyMTMxODk2OTU@._V1_QL75_UX140_CR0,0,140,207_.jpg",2000,1h 44m,PG,6.3,(294K),46,"On the outskirts of Whoville lives a green, revenge-seeking Grinch who plans to ruin Christmas for all of the citizens of the town.",Jay Roach,Joshua Jackson,https://www.imdb.com/title/tt0170016/?ref_=ls_t_14
"15. O Brother, Where Art Thou?","https://m.media-amazon.com/images/M/MV5BMjZkOTdmMWItOTkyNy00MDdjLTlhNTQtYzU3MzdhZjA0ZDEyXkEyXkFqcGdeQXVyMTMxODk2OTU@._V1_QL75_UX140_CR0,0,140,207_.jpg",2000,1h 47m,12,7.7,(334K),69,"In the deep south during the 1930s, three escaped convicts search for hidden treasure while a relentless lawman pursues them.",Ron Howard,Paul Walker,https://www.imdb.com/title/tt0190590/?ref_=ls_t_15
16. The Family Man,"https://m.media-amazon.com/images/M/MV5BYzYzMTQ4NDYtNWRkZi00NTYxLThlZDItMzI1MmU1MmU5ZWQ3XkEyXkFqcGdeQXVyNDA5Mjg5MjA@._V1_QL75_UY207_CR4,0,140,207_.jpg",2000,2h 5m,12,6.8,(120K),42,"A fast-lane investment broker, offered the opportunity to see how the other half lives, wakes up to find that his sports car and girlfriend have become a mini-van and wife.",Joel Coen,Hill Harper,https://www.imdb.com/title/tt0218967/?ref_=ls_t_16
17. Head Over Heels,"https://m.media-amazon.com/images/M/MV5BNzQxYWE1YzEtYjIyYy00OTc4LTkwZjUtNDUzODUyOGNhNTczXkEyXkFqcGdeQXVyNDAxNjkxNjQ@._V1_QL75_UY207_CR1,0,140,207_.jpg",2001,1h 26m,PG-13,5.4,(15K),27,A young woman is attracted to a man despite her thinking she's seen him kill someone.,Ethan Coen,Jonathan Mostow,https://www.imdb.com/title/tt0192111/?ref_=ls_t_17
18. Hannibal,"https://m.media-amazon.com/images/M/MV5BZDMxMjhiZmItNWMxMC00NzYyLWJiOTYtNGYwOTAyYjU5OWY4XkEyXkFqcGdeQXVyNzkwMjQ5NzM@._V1_QL75_UY207_CR2,0,140,207_.jpg",2001,2h 11m,18,6.8,(296K),57,"Living in exile, Dr. Hannibal Lecter tries to reconnect with now disgraced F.B.I. Agent Clarice Starling, and finds himself a target for revenge from a powerful victim.",Brett Ratner,Matthew McConaughey,https://www.imdb.com/title/tt0212985/?ref_=ls_t_18
19. Josie and the Pussycats,"https://m.media-amazon.com/images/M/MV5BZDU0MWIzNjctNDJmMi00NGU5LWE0ZjgtYWEzMDk5YWFmNjRkXkEyXkFqcGdeQXVyMTUyOTc1NDYz._V1_QL75_UX140_CR0,0,140,207_.jpg",2001,1h 38m,PG,5.6,(25K),47,A girl group find themselves in the middle of a conspiracy to deliver subliminal messages through popular music.,Mark Waters,Bill Paxton,https://www.imdb.com/title/tt0236348/?ref_=ls_t_19
20. Bridget Jones's Diary,"https://m.media-amazon.com/images/M/MV5BMjEyMTVmZTktM2QyZi00YTc5LWI4ZmItMWRmNzJiZTRlZjBmXkEyXkFqcGdeQXVyODk1MzE0Mzk@._V1_QL75_UX140_CR0,1,140,207_.jpg",2001,1h 37m,15,6.8,(266K),66,Bridget Jones is determined to improve herself while she looks for love in a year in which she keeps a personal diary.,Ridley Scott,Harvey Keitel,https://www.imdb.com/title/tt0243155/?ref_=ls_t_20
21. The Mummy Returns,"https://m.media-amazon.com/images/M/MV5BY2U1NmZmYTUtZWVjNC00Zjk5LWI0YjAtOTc2NWVkMzE3ODYzXkEyXkFqcGdeQXVyOTYyMTY2NzQ@._V1_QL75_UX140_CR0,0,140,207_.jpg",2001,2h 10m,PG-13,6.4,(349K),48,"The mummified body of Imhotep is shipped to a museum in London, where he once again wakes and begins his campaign of rage and terror.",Harry Elfont,Brian Levant,https://www.imdb.com/title/tt0209163/?ref_=ls_t_21
22. The Fast and the Furious,"https://m.media-amazon.com/images/M/MV5BNzlkNzVjMDMtOTdhZC00MGE1LTkxODctMzFmMjkwZmMxZjFhXkEyXkFqcGdeQXVyNjU0OTQ0OTY@._V1_QL75_UX140_CR0,0,140,207_.jpg",2001,1h 46m,15,6.8,(424K),58,Los Angeles police officer Brian O'Conner must decide where his loyalty really lies when he becomes enamored with the street racing world he has been sent undercover to end it.,Deborah Kaplan,Mark Addy,https://www.imdb.com/title/tt0232500/?ref_=ls_t_22
23. Jurassic Park III,"https://m.media-amazon.com/images/M/MV5BZDMyZGJjOGItYjJkZC00MDVlLWE0Y2YtZGIwMDExYWE3MGQ3XkEyXkFqcGdeQXVyNDYyMDk5MTU@._V1_QL75_UY207_CR0,0,140,207_.jpg",2001,1h 32m,PG,5.9,(344K),42,"A decidedly odd couple with ulterior motives convince Dr. Grant to go to Isla Sorna for a holiday, but their unexpected landing startles the island's new inhabitants.",Sharon Maguire,Stephen Baldwin,https://www.imdb.com/title/tt0163025/?ref_=ls_t_23
24. American Pie 2,"https://m.media-amazon.com/images/M/MV5BOTEyYjhiMjYtNjU3YS00NmQ4LTlhNTEtYTczNWY3MGJmNzE2XkEyXkFqcGdeQXVyMTQxNzMzNDI@._V1_QL75_UX140_CR0,0,140,207_.jpg",2001,1h 45m,15,6.4,(272K),43,"Jim and his friends are now in college, and they decide to meet up at the beach house for some fun.",Stephen Sommers,Kristen Johnston,https://www.imdb.com/title/tt0252866/?ref_=ls_t_24
25. Captain Corelli's Mandolin,"https://m.media-amazon.com/images/M/MV5BNzc0MmRmZDAtZWRjYi00ODM3LTllZDEtNjljMjNiMzgxZDcyXkEyXkFqcGdeQXVyNzQ5MzY0NjM@._V1_QL75_UY207_CR0,0,140,207_.jpg",2001,2h 11m,15,5.9,(36K),36,"When a fisherman leaves to fight with the Greek army during World War II, his fiancée falls in love with the local Italian commander.",Rob Cohen,Ridley Scott,https://www.imdb.com/title/tt0238112/?ref_=ls_t_25
1. Skyfall,"https://m.media-amazon.com/images/M/MV5BMzQzODYyNjg0OV5BMl5BanBnXkFtZTcwMjQ0OTY0OA@@._V1_QL75_UX140_CR0,0,140,207_.jpg",2012,2h 23m,12A,7.8,(736K),81,"James Bond's loyalty to M is tested when her past comes back to haunt her. When MI6 comes under attack, 007 must track down and destroy the threat, no matter how personal the cost.",Sam Mendes,Sam Mendes,https://www.imdb.com/title/tt1074638/?ref_=ls_t_1
2. Spider-Man 3,"https://m.media-amazon.com/images/M/MV5BYTk3MDljOWQtNGI2My00OTEzLTlhYjQtOTQ4ODM2MzUwY2IwXkEyXkFqcGdeQXVyNTIzOTk5ODM@._V1_QL75_UX140_CR0,0,140,207_.jpg",2007,2h 19m,12A,6.3,(646K),59,"A strange black entity from another world bonds with Peter Parker and causes inner turmoil as he contends with new villains, temptations, and revenge.",Sam Raimi,Daniel Craig,https://www.imdb.com/title/tt0413300/?ref_=ls_t_2
3. Spectre,"https://m.media-amazon.com/images/M/MV5BOWQ1MDE1NzgtNTQ4OC00ZjliLTllZDAtN2IyOTVmMTc5YjUxXkEyXkFqcGdeQXVyNzkwMjQ5NzM@._V1_QL75_UX140_CR0,0,140,207_.jpg",2015,2h 28m,12A,6.8,(470K),60,"A cryptic message from James Bond's past sends him on a trail to uncover the existence of a sinister organisation named SPECTRE. With a new threat dawning, Bond learns the terrible truth about the author of all his pain in his most recent missions.",Sam Mendes,Javier Bardem,https://www.imdb.com/title/tt2379713/?ref_=ls_t_3
4. Spider-Man,"https://m.media-amazon.com/images/M/MV5BZDEyN2NhMjgtMjdhNi00MmNlLWE5YTgtZGE4MzNjMTRlMGEwXkEyXkFqcGdeQXVyNDUyOTg3Njg@._V1_QL75_UY207_CR0,0,140,207_.jpg",2002,2h 1m,PG,7.4,(892K),73,"After being bitten by a genetically-modified spider, a shy teenager gains spider-like abilities that he uses to fight injustice as a masked superhero and face a vengeful enemy.",Sam Raimi,Naomie Harris,https://www.imdb.com/title/tt0145487/?ref_=ls_t_4
5. Spider-Man 2,"https://m.media-amazon.com/images/M/MV5BMzY2ODk4NmUtOTVmNi00ZTdkLTlmOWYtMmE2OWVhNTU2OTVkXkEyXkFqcGdeQXVyMTQxNzMzNDI@._V1_QL75_UY207_CR6,0,140,207_.jpg",2004,2h 7m,PG,7.5,(719K),83,Peter Parker is beset with troubles in his failing personal life as he battles a former brilliant scientist named Otto Octavius.,Sam Raimi,Sam Raimi,https://www.imdb.com/title/tt0316654/?ref_=ls_t_5
6. 2012,"https://m.media-amazon.com/images/M/MV5BMTY0MjEyODQzMF5BMl5BanBnXkFtZTcwMTczMjQ4Mg@@._V1_QL75_UX140_CR0,0,140,207_.jpg",2009,2h 38m,12A,5.8,(402K),49,A frustrated writer struggles to keep his family alive when a series of global catastrophes threatens to annihilate mankind.,Roland Emmerich,Tobey Maguire,https://www.imdb.com/title/tt1190080/?ref_=ls_t_6
7. The Da Vinci Code,"https://m.media-amazon.com/images/M/MV5BMjIxMjQyMTc3Nl5BMl5BanBnXkFtZTcwMTA1MDUzMw@@._V1_QL75_UX140_CR0,0,140,207_.jpg",2006,2h 29m,PG-13,6.6,(463K),46,"A murder inside the Louvre, and clues in Da Vinci paintings, lead to the discovery of a religious mystery protected by a secret society for two thousand years, which could shake the foundations of Christianity.",Ron Howard,Kirsten Dunst,https://www.imdb.com/title/tt0382625/?ref_=ls_t_7
8. The Amazing Spider-Man,"https://m.media-amazon.com/images/M/MV5BMjMyOTM4MDMxNV5BMl5BanBnXkFtZTcwNjIyNzExOA@@._V1_QL75_UX140_CR0,0,140,207_.jpg",2012,2h 16m,12A,6.9,(711K),66,"After Peter Parker is bitten by a genetically altered spider, he gains newfound, spider-like powers and ventures out to save the city from the machinations of a mysterious reptilian foe.",Marc Webb,Topher Grace,https://www.imdb.com/title/tt0948470/?ref_=ls_t_8
9. The Amazing Spider-Man 2,"https://m.media-amazon.com/images/M/MV5BOTA5NDYxNTg0OV5BMl5BanBnXkFtZTgwODE5NzU1MTE@._V1_QL75_UX140_CR0,0,140,207_.jpg",2014,2h 22m,12A,6.6,(545K),53,"When New York is put under siege by Oscorp, it is up to Spider-Man to save the city he swore to protect as well as his loved ones.",Marc Webb,Sam Mendes,https://www.imdb.com/title/tt1872181/?ref_=ls_t_9
10. Hancock,"https://m.media-amazon.com/images/M/MV5BMTgyMzc4ODU3NV5BMl5BanBnXkFtZTcwNjk5Mzc1MQ@@._V1_QL75_UX140_CR0,0,140,207_.jpg",2008,1h 32m,12A,6.4,(517K),49,Hancock is a superhero whose ill-considered behavior regularly causes damage in the millions. He changes when the person he saves helps him improve his public image.,Peter Berg,Daniel Craig,https://www.imdb.com/title/tt0448157/?ref_=ls_t_10
11. Men in Black 3,"https://m.media-amazon.com/images/M/MV5BMTU2NTYxODcwMF5BMl5BanBnXkFtZTcwNDk1NDY0Nw@@._V1_QL75_UX140_CR0,0,140,207_.jpg",2012,1h 46m,PG,6.8,(391K),58,Agent J travels in time to M.I.B.'s early days in 1969 to stop an alien from assassinating his friend Agent K and changing history.,Barry Sonnenfeld,Christoph Waltz,https://www.imdb.com/title/tt1409024/?ref_=ls_t_11
12. Casino Royale,"https://m.media-amazon.com/images/M/MV5BMTM5MjI4NDExNF5BMl5BanBnXkFtZTcwMDM1MjMzMQ@@._V1_QL75_UX140_CR0,0,140,207_.jpg",2006,2h 24m,15,8.0,(700K),80,"After earning a licence to kill, secret agent James Bond sets out on his first mission as 007. Bond must defeat a private banker funding terrorists in a high-stakes game of poker at Casino Royale, in Montenegro.",Martin Campbell,Léa Seydoux,https://www.imdb.com/title/tt0381061/?ref_=ls_t_12
13. Men in Black,"https://m.media-amazon.com/images/M/MV5BOTlhYTVkMDktYzIyNC00NzlkLTlmN2ItOGEyMWQ4OTA2NDdmXkEyXkFqcGdeQXVyNTAyODkwOQ@@._V1_QL75_UX140_CR0,1,140,207_.jpg",1997,1h 38m,12,7.3,(621K),72,"James, an NYC cop, is hired by Agent K of a secret government agency that monitors extraterrestrial life on Earth. Together, they must recover an item that has been stolen by an intergalactic villain.",Barry Sonnenfeld,Sam Raimi,https://www.imdb.com/title/tt0119654/?ref_=ls_t_13
14. Quantum of Solace,"https://m.media-amazon.com/images/M/MV5BMzhjYzlmYjQtYmU0Yy00NjNkLWFmOTQtZjQxZWU4NjY1Y2M4XkEyXkFqcGdeQXVyMjUzOTY1NTc@._V1_QL75_UX140_CR0,0,140,207_.jpg",2008,1h 46m,12A,6.5,(474K),58,James Bond tries to stop an organisation from eliminating a country's most valuable resource.,Marc Forster,Tobey Maguire,https://www.imdb.com/title/tt0830515/?ref_=ls_t_14
15. The Smurfs,"https://m.media-amazon.com/images/M/MV5BOTBiYTBkYTItM2E2OS00NTY2LWE5MmEtZjdjMzkyYTk5MjJiXkEyXkFqcGdeQXVyMTA1NjE5MTAz._V1_QL75_UX140_CR0,1,140,207_.jpg",2011,1h 43m,U,5.4,(98K),30,"When the evil wizard Gargamel chases the tiny blue Smurfs out of their village, they tumble from their magical world into New York City.",Raja Gosnell,Kirsten Dunst,https://www.imdb.com/title/tt0472181/?ref_=ls_t_15
16. The Mermaid,"https://m.media-amazon.com/images/M/MV5BYzQzZGQxZTUtZWZhMC00ODE0LWI3N2EtOThiOTg0ZDYxYjEwXkEyXkFqcGdeQXVyNjU0NzY4ODU@._V1_QL75_UY207_CR4,0,140,207_.jpg",2016,1h 34m,15,6.2,(10K),69,"Shan, a mermaid, is sent to assassinate Xuan, a developer who threatens the ecosystem of her race, but ends up falling in love with him instead.",Stephen Chow,Willem Dafoe,https://www.imdb.com/title/tt4701660/?ref_=ls_t_16
17. Terminator 2: Judgment Day,"https://m.media-amazon.com/images/M/MV5BMGU2NzRmZjUtOGUxYS00ZjdjLWEwZWItY2NlM2JhNjkxNTFmXkEyXkFqcGdeQXVyNjU0OTQ0OTY@._V1_QL75_UX140_CR0,0,140,207_.jpg",1991,2h 17m,15,8.6,(1.2M),75,"A cyborg, identical to the one who failed to kill Sarah Connor, must now protect her ten year old son John from an even more advanced and powerful cyborg.",James Cameron,Sam Raimi,https://www.imdb.com/title/tt0103064/?ref_=ls_t_17
18. Angels & Demons,"https://m.media-amazon.com/images/M/MV5BMjEzNzM2MjgxMF5BMl5BanBnXkFtZTcwNTQ1MTM0Mg@@._V1_QL75_UX140_CR0,0,140,207_.jpg",2009,2h 18m,15,6.7,(312K),48,Harvard symbologist Robert Langdon works with a nuclear physicist to solve a murder and prevent a terrorist act against the Vatican during one of the significant events within the church.,Ron Howard,Tobey Maguire,https://www.imdb.com/title/tt0808151/?ref_=ls_t_18
19. Hotel Transylvania 2,"https://m.media-amazon.com/images/M/MV5BMGVhZWM0YTEtM2YxYy00YWUzLWI1YWQtNjk5ZTRhNTJmM2VhXkEyXkFqcGdeQXVyNTk1MTAyODc@._V1_QL75_UX140_CR0,0,140,207_.jpg",2015,1h 29m,U,6.6,(146K),44,"Dracula and his friends try to bring out the monster in his half human, half vampire grandson in order to keep Mavis from leaving the hotel.",Genndy Tartakovsky,Kirsten Dunst,https://www.imdb.com/title/tt2510894/?ref_=ls_t_19
20. Men in Black II,"https://m.media-amazon.com/images/M/MV5BMTMxNDA0NTMxMV5BMl5BanBnXkFtZTYwMDE2NzY2._V1_QL75_UX140_CR0,0,140,207_.jpg",2002,1h 28m,PG,6.2,(408K),49,Agent J is sent to find Agent K and restore his memory after the re-appearance of a case from K's past.,Barry Sonnenfeld,Alfred Molina,https://www.imdb.com/title/tt0120912/?ref_=ls_t_20
21. Die Another Day,"https://m.media-amazon.com/images/M/MV5BMDlmY2Y2ZWQtNTZjMy00NGRkLTlkMjctMjA1MzdjMmI1NTQ1XkEyXkFqcGdeQXVyMTUzMDUzNTI3._V1_QL75_UX140_CR0,0,140,207_.jpg",2002,2h 13m,12A,6.1,(230K),56,"James Bond is sent to investigate the connection between a North Korean terrorist and a diamond mogul, who is funding the development of an international space weapon.",Lee Tamahori,Roland Emmerich,https://www.imdb.com/title/tt0246460/?ref_=ls_t_21
22. Dances with Wolves,"https://m.media-amazon.com/images/M/MV5BMTY3OTI5NDczN15BMl5BanBnXkFtZTcwNDA0NDY3Mw@@._V1_QL75_UX140_CR0,1,140,207_.jpg",1990,3h 1m,PG,8.0,(295K),72,"Lieutenant John Dunbar, assigned to a remote western Civil War outpost, finds himself engaging with a neighbouring Sioux settlement, causing him to question his own purpose.",Kevin Costner,John Cusack,https://www.imdb.com/title/tt0099348/?ref_=ls_t_22
23. Gone with the Wind,"https://m.media-amazon.com/images/M/MV5BYjUyZWZkM2UtMzYxYy00ZmQ3LWFmZTQtOGE2YjBkNjA3YWZlXkEyXkFqcGdeQXVyNzkwMjQ5NzM@._V1_QL75_UX140_CR0,3,140,207_.jpg",1939,3h 58m,PG,8.2,(337K),97,A sheltered and manipulative Southern belle and a roguish profiteer face off in a turbulent romance as the society around them crumbles with the end of slavery and is rebuilt during the Civil War and Reconstruction periods.,Victor Fleming,Thandiwe Newton,https://www.imdb.com/title/tt0031381/?ref_=ls_t_23
24. Godzilla,"https://m.media-amazon.com/images/M/MV5BNjFlOTI2OGQtMzg0YS00ZGE4LTkwMjEtZDUzYThlOTU5YjQ5XkEyXkFqcGdeQXVyMTQxNzMzNDI@._V1_QL75_UX140_CR0,0,140,207_.jpg",1998,2h 19m,PG,5.4,(206K),32,French nuclear tests irradiate an iguana into a giant monster that heads off to New York City. The American military must chase the monster across the city to stop it before it reproduces.,George Cukor,Chiwetel Ejiofor,https://www.imdb.com/title/tt0120685/?ref_=ls_t_24
25. Hitch,"https://m.media-amazon.com/images/M/MV5BNzYyNzM2NzM2NF5BMl5BanBnXkFtZTcwNjg5NTQzMw@@._V1_QL75_UX140_CR0,2,140,207_.jpg",2005,1h 58m,12A,6.6,(337K),58,A smooth-talking man falls for a hardened columnist while helping a shy accountant woo a beautiful heiress.,Sam Wood,Ron Howard,https://www.imdb.com/title/tt0386588/?ref_=ls_t_25
1. Solaris,"https://m.media-amazon.com/images/M/MV5BNzlkNGE0MmMtMzU4YS00ZDU1LWFhMTktZDRjMGU5MjI1MzRlXkEyXkFqcGdeQXVyNDk3NzU2MTQ@._V1_QL75_UX140_CR0,0,140,207_.jpg",2002,1h 39m,12A,6.2,(87K),67,A troubled psychologist is sent to investigate the crew of an isolated research station orbiting a bizarre planet.,Steven Soderbergh,Steven Soderbergh,https://www.imdb.com/title/tt0307479/?ref_=ls_t_1
2. Rising Sun,"https://m.media-amazon.com/images/M/MV5BMTNjYzRjYjMtMWY4ZS00NzU1LTlmMGUtOWY5OTg4N2IyMjQ1XkEyXkFqcGdeQXVyMTUzMDUzNTI3._V1_QL75_UX140_CR0,1,140,207_.jpg",1993,2h 5m,18,6.2,(49K),56,"When an escort girl is found dead in the offices of a Japanese company in Los Angeles, detectives Web Smith and John Connor act as liaison between the company's executives and the investigating cop Tom Graham.",Philip Kaufman,George Clooney,https://www.imdb.com/title/tt0107969/?ref_=ls_t_2
3. Ice Age: Dawn of the Dinosaurs,"https://m.media-amazon.com/images/M/MV5BNTNhMDE5NzctOGU3NC00YjU0LWIwNTktNTBjZmNmY2E3Y2Q1XkEyXkFqcGdeQXVyMTcwOTQzOTYy._V1_QL75_UX140_CR0,0,140,207_.jpg",2009,1h 34m,U,6.9,(267K),50,"When Sid's attempt to adopt three dinosaur eggs gets him abducted by their real mother to an underground lost world, his friends attempt to rescue him.",Carlos Saldanha,Natascha McElhone,https://www.imdb.com/title/tt1080016/?ref_=ls_t_3
4. Home Alone,"https://m.media-amazon.com/images/M/MV5BMzFkM2YwOTQtYzk2Mi00N2VlLWE3NTItN2YwNDg1YmY0ZDNmXkEyXkFqcGdeQXVyMTMxODk2OTU@._V1_QL75_UX140_CR0,0,140,207_.jpg",1990,1h 43m,PG,7.7,(660K),63,"An eight-year-old troublemaker, mistakenly left home alone, must defend his home against a pair of burglars on Christmas Eve.",Michael Thurmeier,Ulrich Tukur,https://www.imdb.com/title/tt0099785/?ref_=ls_t_4
5. Home Alone 2: Lost in New York,"https://m.media-amazon.com/images/M/MV5BNDI1MzM0Y2YtYmIyMS00ODE3LTlhZjEtZTUyNmEzMTNhZWU5XkEyXkFqcGdeQXVyMTQxNzMzNDI@._V1_QL75_UX140_CR0,0,140,207_.jpg",1992,2h,PG,6.9,(407K),46,"Kevin accidentally boards a flight to New York City and gets separated from his family who are on their way to Miami. He then bumps into two of his old enemies, who plan to rob a toy store.",Chris Columbus,Philip Kaufman,https://www.imdb.com/title/tt0104431/?ref_=ls_t_5
6. Prometheus,"https://m.media-amazon.com/images/M/MV5BMTY3NzIyNTA2NV5BMl5BanBnXkFtZTcwNzE2NjI4Nw@@._V1_QL75_UX140_CR0,0,140,207_.jpg",2012,2h 4m,15,7.0,(651K),64,"Following clues to the origin of mankind, a team finds a structure on a distant moon, but they soon realize they are not alone.",Chris Columbus,Sean Connery,https://www.imdb.com/title/tt1446714/?ref_=ls_t_6
7. X-Men,"https://m.media-amazon.com/images/M/MV5BZmIyMDk5NGYtYjQ5NS00ZWQxLTg2YzQtZDk1ZmM4ZDBlN2E3XkEyXkFqcGdeQXVyMTQxNzMzNDI@._V1_QL75_UX140_CR0,0,140,207_.jpg",2000,1h 44m,12,7.3,(657K),64,"In a world where mutants (evolved super-powered humans) exist and are discriminated against, two groups form for an inevitable clash: the supremacist Brotherhood, and the pacifist X-Men.",Ridley Scott,Wesley Snipes,https://www.imdb.com/title/tt0120903/?ref_=ls_t_7
8. X-Men 2,"https://m.media-amazon.com/images/M/MV5BNDk0NjYxMzIzOF5BMl5BanBnXkFtZTYwMTc1MjU3._V1_QL75_UY207_CR0,0,140,207_.jpg",2003,2h 14m,12A,7.4,(584K),68,"When anti-mutant Colonel William Stryker kidnaps Professor X and attacks his school, the X-Men must ally with their archenemy Magneto to stop him.",Bryan Singer,Harvey Keitel,https://www.imdb.com/title/tt0290334/?ref_=ls_t_8
9. X-Men: The Last Stand,"https://m.media-amazon.com/images/M/MV5BNDBhNDJiMWEtOTg4Yi00NTYzLWEzOGMtMjNmNjAxNTBlMzY3XkEyXkFqcGdeQXVyNTIzOTk5ODM@._V1_QL75_UY207_CR2,0,140,207_.jpg",2006,1h 44m,12A,6.6,(548K),58,"The human government develops a cure for mutations, and Jean Grey becomes a darker uncontrollable persona called the Phoenix who allies with Magneto, causing escalation into an all-out battle for the X-Men.",Bryan Singer,Carlos Saldanha,https://www.imdb.com/title/tt0376994/?ref_=ls_t_9
10. Alien,"https://m.media-amazon.com/images/M/MV5BOGQzZTBjMjQtOTVmMS00NGE5LWEyYmMtOGQ1ZGZjNmRkYjFhXkEyXkFqcGdeQXVyMjUzOTY1NTc@._V1_QL75_UX140_CR0,2,140,207_.jpg",1979,1h 57m,X,8.5,(965K),89,"After investigating a mysterious transmission of unknown origin, the crew of a commercial spacecraft encounters a deadly lifeform.",Brett Ratner,Michael Thurmeier,https://www.imdb.com/title/tt0078748/?ref_=ls_t_10
11. The A-Team,"https://m.media-amazon.com/images/M/MV5BMTc4ODc4NTQ1N15BMl5BanBnXkFtZTcwNDUxODUyMw@@._V1_QL75_UX140_CR0,0,140,207_.jpg",2010,1h 57m,12A,6.7,(270K),47,"A group of Iraq War veterans look to clear their name with the U.S. Military, who suspect the four men of committing a crime for which they were framed.",Ridley Scott,Ray Romano,https://www.imdb.com/title/tt0429493/?ref_=ls_t_11
12. Minority Report,"https://m.media-amazon.com/images/M/MV5BZTI3YzZjZjEtMDdjOC00OWVjLTk0YmYtYzI2MGMwZjFiMzBlXkEyXkFqcGdeQXVyMTQxNzMzNDI@._V1_QL75_UX140_CR0,1,140,207_.jpg",2002,2h 25m,12,7.6,(589K),80,"John works with the PreCrime police which stop crimes before they take place, with the help of three 'PreCogs' who can foresee crimes. Events ensue when John finds himself framed for a future murder.",Joe Carnahan,John Leguizamo,https://www.imdb.com/title/tt0181689/?ref_=ls_t_12
13. Aliens,"https://m.media-amazon.com/images/M/MV5BZTM1Nzk5ZTItN2ZkNi00MDRjLWIwYWUtOWY4ZjZmZjkyM2I0XkEyXkFqcGdeQXVyNTU1NTcwOTk@._V1_QL75_UX140_CR0,3,140,207_.jpg",1986,2h 17m,18,8.4,(773K),84,"Decades after surviving the Nostromo incident, Ellen Ripley is sent out to re-establish contact with a terraforming colony but finds herself battling the Alien Queen and her offspring.",Steven Spielberg,Denis Leary,https://www.imdb.com/title/tt0090605/?ref_=ls_t_13
14. Avatar,"https://m.media-amazon.com/images/M/MV5BZDA0OGQxNTItMDZkMC00N2UyLTg3MzMtYTJmNjg3Nzk5MzRiXkEyXkFqcGdeQXVyMjUzOTY1NTc@._V1_QL75_UY207_CR0,0,140,207_.jpg",2009,2h 42m,12A,7.9,(1.4M),83,A paraplegic Marine dispatched to the moon Pandora on a unique mission becomes torn between following his orders and protecting the world he feels is his home.,James Cameron,Chris Columbus,https://www.imdb.com/title/tt0499549/?ref_=ls_t_14
15. There's Something About Mary,"https://m.media-amazon.com/images/M/MV5BZWFlZjE5OTYtNWY0ZC00MzgzLTg5MjUtYTFkZjk2NjJkYjM0XkEyXkFqcGdeQXVyNTAyODkwOQ@@._V1_QL75_UX140_CR0,1,140,207_.jpg",1998,1h 59m,15,7.1,(332K),69,"A man gets a chance to meet up with his dream girl from high school, even though his date with her back then was a complete disaster.",James Cameron,Macaulay Culkin,https://www.imdb.com/title/tt0129387/?ref_=ls_t_15
16. Lincoln,"https://m.media-amazon.com/images/M/MV5BMTQzNzczMDUyNV5BMl5BanBnXkFtZTcwNjM2ODEzOA@@._V1_QL75_UX140_CR0,0,140,207_.jpg",2012,2h 30m,12A,7.3,(274K),87,"As the Civil War rages on, U.S President Abraham Lincoln struggles with continuing carnage on the battlefield as he fights with many inside his own cabinet on his decision to emancipate the slaves.",Bobby Farrelly,Joe Pesci,https://www.imdb.com/title/tt0443272/?ref_=ls_t_16
17. The Wolverine,"https://m.media-amazon.com/images/M/MV5BNzg1MDQxMTQ2OF5BMl5BanBnXkFtZTcwMTk3MjAzOQ@@._V1_QL75_UX140_CR0,0,140,207_.jpg",2013,2h 6m,12A,6.7,(500K),61,"Wolverine comes to Japan to meet an old friend whose life he saved years ago, and gets embroiled in a conspiracy involving yakuza and mutants.",Peter Farrelly,Daniel Stern,https://www.imdb.com/title/tt1430132/?ref_=ls_t_17
18. Gulliver's Travels,"https://m.media-amazon.com/images/M/MV5BMjI1NDU1MjcxN15BMl5BanBnXkFtZTcwODczNTM1Mw@@._V1_QL75_UX140_CR0,0,140,207_.jpg",2010,1h 25m,PG,4.9,(74K),33,"Travel writer Lemuel Gulliver takes an assignment in Bermuda but ends up on the island of Lilliput, where he towers over its tiny citizens.",Steven Spielberg,Chris Columbus,https://www.imdb.com/title/tt1320261/?ref_=ls_t_18
19. Rise of the Planet of the Apes,"https://m.media-amazon.com/images/M/MV5BMzhhMGZmYTAtODAxNC00MzQ2LWIxNzUtMmFjN2I1OTliYmFjXkEyXkFqcGdeQXVyNTAyODkwOQ@@._V1_QL75_UX140_CR0,0,140,207_.jpg",2011,1h 45m,12A,7.6,(580K),68,A substance designed to help the brain repair itself gives advanced intelligence to a chimpanzee who leads an ape uprising.,James Mangold,Macaulay Culkin,https://www.imdb.com/title/tt1318514/?ref_=ls_t_19
20. Independence Day,"https://m.media-amazon.com/images/M/MV5BMGQwNDNkMmItYWY1Yy00YTZmLWE5OTAtODU0MGZmMzQ1NDdkXkEyXkFqcGdeQXVyMTQxNzMzNDI@._V1_QL75_UX140_CR0,1,140,207_.jpg",1996,2h 25m,12,7.0,(613K),59,"The aliens are coming and their goal is to invade and destroy Earth. Fighting superior technology, mankind's best weapon is the will to survive.",Rob Letterman,Joe Pesci,https://www.imdb.com/title/tt0116629/?ref_=ls_t_20
21. Cast Away,"https://m.media-amazon.com/images/M/MV5BN2Y5ZTU4YjctMDRmMC00MTg4LWE1M2MtMjk4MzVmOTE4YjkzXkEyXkFqcGdeQXVyNTc1NTQxODI@._V1_QL75_UX140_CR0,0,140,207_.jpg",2000,2h 23m,12,7.8,(646K),74,A FedEx executive undergoes a physical and emotional transformation after crash landing on a deserted island.,Rupert Wyatt,Daniel Stern,https://www.imdb.com/title/tt0162222/?ref_=ls_t_21
22. Die Hard 4.0,"https://m.media-amazon.com/images/M/MV5BNDQxMDE1OTg4NV5BMl5BanBnXkFtZTcwMTMzOTQzMw@@._V1_QL75_UY207_CR1,0,140,207_.jpg",2007,2h 8m,15,7.1,(423K),69,John McClane and a young hacker join forces to take down master cyber-terrorist Thomas Gabriel in Washington D.C.,Roland Emmerich,Ridley Scott,https://www.imdb.com/title/tt0337978/?ref_=ls_t_22
23. Romeo + Juliet,"https://m.media-amazon.com/images/M/MV5BMGU4YmI1ZGQtZjExYi00M2E0LTgyYTAtNzQ5ZmVlMTk4NzUzXkEyXkFqcGdeQXVyMTMxODk2OTU@._V1_QL75_UX140_CR0,0,140,207_.jpg",1996,2h,12,6.7,(247K),60,Shakespeare's famous play is updated to the hip modern suburb of Verona still retaining its original dialogue.,Robert Zemeckis,Noomi Rapace,https://www.imdb.com/title/tt0117509/?ref_=ls_t_23
24. Predators,"https://m.media-amazon.com/images/M/MV5BNjFmNDNlMGItMDQxMS00ZWMxLTg4MmQtMTBiNWU3ZDU1Nzk1XkEyXkFqcGdeQXVyMTQxNzMzNDI@._V1_QL75_UY207_CR0,0,140,207_.jpg",2010,1h 47m,15,6.4,(246K),51,A group of elite warriors parachute into an unfamiliar jungle and are hunted by members of a merciless alien race.,Len Wiseman,Logan Marshall-Green,https://www.imdb.com/title/tt1424381/?ref_=ls_t_24
1. The Dark Knight,"https://m.media-amazon.com/images/M/MV5BMTMxNTMwODM0NF5BMl5BanBnXkFtZTcwODAyMTk2Mw@@._V1_QL75_UX140_CR0,0,140,207_.jpg",2008,2h 32m,12A,9.0,(2.9M),84,Which of these IMDb Top 250 movies produced by Warner Bros. is your favorite?Discuss hereAlso vote for:▪️ IMDb Top 250 Disney Movies,Christopher Nolan,Christopher Nolan,https://www.imdb.com/title/tt0468569/?ref_=ls_t_1
2. Inception,"https://m.media-amazon.com/images/M/MV5BMjAxMzY3NjcxNF5BMl5BanBnXkFtZTcwNTI5OTM0Mw@@._V1_QL75_UX140_CR0,0,140,207_.jpg",2010,2h 28m,12A,8.8,(2.6M),74,"When the menace known as the Joker wreaks havoc and chaos on the people of Gotham, Batman, James Gordon and Harvey Dent must work together to put an end to the madness.",Christopher Nolan,Christian Bale,https://www.imdb.com/title/tt1375666/?ref_=ls_t_2
3. The Matrix,"https://m.media-amazon.com/images/M/MV5BNzQzOTk3OTAtNDQ0Zi00ZTVkLWI0MTEtMDllZjNkYzNjNTc4L2ltYWdlXkEyXkFqcGdeQXVyNjU0OTQ0OTY@._V1_QL75_UX140_CR0,1,140,207_.jpg",1999,2h 16m,15,8.7,(2.1M),73,"A thief who steals corporate secrets through the use of dream-sharing technology is given the inverse task of planting an idea into the mind of a C.E.O., but his tragic past may doom the project and his team to disaster.",Lana Wachowski,Heath Ledger,https://www.imdb.com/title/tt0133093/?ref_=ls_t_3
4. GoodFellas,"https://m.media-amazon.com/images/M/MV5BY2NkZjEzMDgtN2RjYy00YzM1LWI4ZmQtMjIwYjFjNmI3ZGEwXkEyXkFqcGdeQXVyNzkwMjQ5NzM@._V1_QL75_UX140_CR0,1,140,207_.jpg",1990,2h 25m,18,8.7,(1.3M),92,"When a beautiful stranger leads computer hacker Neo to a forbidding underworld, he discovers the shocking truth--the life he knows is the elaborate deception of an evil cyber-intelligence.",Lilly Wachowski,Aaron Eckhart,https://www.imdb.com/title/tt0099685/?ref_=ls_t_4
5. The Green Mile,"https://m.media-amazon.com/images/M/MV5BMTUxMzQyNjA5MF5BMl5BanBnXkFtZTYwOTU2NTY3._V1_QL75_UX140_CR0,0,140,207_.jpg",1999,3h 9m,18,8.6,(1.4M),61,"The story of Henry Hill and his life in the mafia, covering his relationship with his wife Karen and his mob partners Jimmy Conway and Tommy DeVito.",Martin Scorsese,Christopher Nolan,https://www.imdb.com/title/tt0120689/?ref_=ls_t_5
6. Interstellar,"https://m.media-amazon.com/images/M/MV5BZjdkOTU3MDktN2IxOS00OGEyLWFmMjktY2FiMmZkNWIyODZiXkEyXkFqcGdeQXVyMTMxODk2OTU@._V1_QL75_UX140_CR0,0,140,207_.jpg",2014,2h 49m,12A,8.7,(2.1M),74,"A tale set on death row, where gentle giant John Coffey possesses the mysterious power to heal people's ailments. When the lead guard, Paul Edgecombe, recognizes John's gift, he tries to help stave off the condemned man's execution.",Frank Darabont,Leonardo DiCaprio,https://www.imdb.com/title/tt0816692/?ref_=ls_t_6
7. The Departed,"https://m.media-amazon.com/images/M/MV5BMTI1MTY2OTIxNV5BMl5BanBnXkFtZTYwNjQ4NjY3._V1_QL75_UY207_CR0,0,140,207_.jpg",2006,2h 31m,18,8.5,(1.4M),85,"When Earth becomes uninhabitable in the future, a farmer and ex-NASA pilot, Joseph Cooper, is tasked to pilot a spacecraft, along with a team of researchers, to find a new planet for humans.",Christopher Nolan,Joseph Gordon-Levitt,https://www.imdb.com/title/tt0407887/?ref_=ls_t_7
8. The Prestige,"https://m.media-amazon.com/images/M/MV5BMjA4NDI0MTIxNF5BMl5BanBnXkFtZTYwNTM0MzY2._V1_QL75_UX140_CR0,0,140,207_.jpg",2006,2h 10m,12A,8.5,(1.5M),66,An undercover cop and a mole in the police attempt to identify each other while infiltrating an Irish gang in South Boston.,Martin Scorsese,Elliot Page,https://www.imdb.com/title/tt0482571/?ref_=ls_t_8
9. Casablanca,"https://m.media-amazon.com/images/M/MV5BY2IzZGY2YmEtYzljNS00NTM5LTgwMzUtMzM1NjQ4NGI0OTk0XkEyXkFqcGdeQXVyNDYyMDk5MTU@._V1_QL75_UX140_CR0,2,140,207_.jpg",1942,1h 42m,U,8.5,(612K),100,"After a tragic accident, two stage magicians in 1890s London engage in a battle to create the ultimate illusion while sacrificing everything they have to outwit each other.",Christopher Nolan,Lana Wachowski,https://www.imdb.com/title/tt0034583/?ref_=ls_t_9
10. Joker,"https://m.media-amazon.com/images/M/MV5BNGVjNWI4ZGUtNzE0MS00YTJmLWE0ZDctN2ZiYTk2YmI3NTYyXkEyXkFqcGdeQXVyMTkxNjUyNQ@@._V1_QL75_UX140_CR0,0,140,207_.jpg",2019,2h 2m,15,8.4,(1.5M),59,A cynical expatriate American cafe owner struggles to decide whether or not to help his former lover and her fugitive husband escape the Nazis in French Morocco.,Michael Curtiz,Lilly Wachowski,https://www.imdb.com/title/tt7286456/?ref_=ls_t_10
11. The Shining,"https://m.media-amazon.com/images/M/MV5BZWFlYmY2MGEtZjVkYS00YzU4LTg0YjQtYzY1ZGE3NTA5NGQxXkEyXkFqcGdeQXVyMTQxNzMzNDI@._V1_QL75_UX140_CR0,3,140,207_.jpg",1980,2h 26m,X,8.4,(1.1M),68,"Arthur Fleck, a party clown and a failed stand-up comedian, leads an impoverished life with his ailing mother. However, when society shuns him and brands him as a freak, he decides to embrace the life of crime and chaos in Gotham City.",Todd Phillips,Keanu Reeves,https://www.imdb.com/title/tt0081505/?ref_=ls_t_11
12. The Dark Knight Rises,"https://m.media-amazon.com/images/M/MV5BMTk4ODQzNDY3Ml5BMl5BanBnXkFtZTcwODA0NTM4Nw@@._V1_QL75_UX140_CR0,0,140,207_.jpg",2012,2h 44m,12A,8.4,(1.8M),78,"A family heads to an isolated hotel for the winter, where a sinister presence influences the father into violence. At the same time, his psychic son sees horrifying forebodings from both the past and the future.",Stanley Kubrick,Laurence Fishburne,https://www.imdb.com/title/tt1345836/?ref_=ls_t_12
13. Once Upon a Time in America,"https://m.media-amazon.com/images/M/MV5BMmQzZjdmZDAtOGE2Yy00MmUwLTljYzgtZTMwMjk3ZDdiOWUyXkEyXkFqcGdeQXVyNjc5NjEzNA@@._V1_QL75_UX140_CR0,1,140,207_.jpg",1984,3h 49m,18,8.3,(382K),75,"Bane, an imposing terrorist, attacks Gotham City and disrupts its eight-year-long period of peace. This forces Bruce Wayne to come out of hiding and don the cape and cowl of Batman again.",Christopher Nolan,Carrie-Anne Moss,https://www.imdb.com/title/tt0087843/?ref_=ls_t_13
14. Full Metal Jacket,"https://m.media-amazon.com/images/M/MV5BNzkxODk0NjEtYjc4Mi00ZDI0LTgyYjEtYzc1NDkxY2YzYTgyXkEyXkFqcGdeQXVyNzkwMjQ5NzM@._V1_QL75_UX140_CR0,1,140,207_.jpg",1987,1h 56m,18,8.2,(798K),78,"A former Prohibition-era Jewish gangster returns to the Lower East Side of Manhattan 35 years later, where he must once again confront the ghosts and regrets of his old life.",Sergio Leone,Martin Scorsese,https://www.imdb.com/title/tt0093058/?ref_=ls_t_14
15. A Clockwork Orange,"https://m.media-amazon.com/images/M/MV5BMTY3MjM1Mzc4N15BMl5BanBnXkFtZTgwODM0NzAxMDE@._V1_QL75_UX140_CR0,0,140,207_.jpg",1971,2h 16m,X,8.3,(889K),77,A pragmatic U.S. Marine observes the dehumanizing effects the Vietnam War has on his fellow recruits from their brutal boot camp training to the bloody street fighting in Hue.,Stanley Kubrick,Robert De Niro,https://www.imdb.com/title/tt0066921/?ref_=ls_t_15
16. Heat,"https://m.media-amazon.com/images/M/MV5BYjZjNTJlZGUtZTE1Ny00ZDc4LTgwYjUtMzk0NDgwYzZjYTk1XkEyXkFqcGdeQXVyNjU0OTQ0OTY@._V1_QL75_UY207_CR2,0,140,207_.jpg",1995,2h 50m,15,8.3,(728K),76,Alex DeLarge and his droogs barbarize a decaying near-future.,Stanley Kubrick,Ray Liotta,https://www.imdb.com/title/tt0113277/?ref_=ls_t_16
17. L.A. Confidential,"https://m.media-amazon.com/images/M/MV5BMDQ2YzEyZGItYWRhOS00MjBmLTkzMDUtMTdjYzkyMmQxZTJlXkEyXkFqcGdeQXVyNjU0OTQ0OTY@._V1_QL75_UY207_CR1,0,140,207_.jpg",1997,2h 18m,18,8.2,(624K),91,A group of high-end professional thieves start to feel the heat from the LAPD when they unknowingly leave a verbal clue at their latest heist.,Michael Mann,Joe Pesci,https://www.imdb.com/title/tt0119488/?ref_=ls_t_17
18. Batman Begins,"https://m.media-amazon.com/images/M/MV5BOTY4YjI2N2MtYmFlMC00ZjcyLTg3YjEtMDQyM2ZjYzQ5YWFkXkEyXkFqcGdeQXVyMTQxNzMzNDI@._V1_QL75_UY207_CR0,0,140,207_.jpg",2005,2h 20m,12A,8.2,(1.6M),70,"As corruption grows in 1950s Los Angeles, three policemen - one strait-laced, one brutal, and one sleazy - investigate a series of murders with their own brand of justice.",Curtis Hanson,Frank Darabont,https://www.imdb.com/title/tt0372784/?ref_=ls_t_18
19. Unforgiven,"https://m.media-amazon.com/images/M/MV5BODM3YWY4NmQtN2Y3Ni00OTg0LWFhZGQtZWE3ZWY4MTJlOWU4XkEyXkFqcGdeQXVyNjU0OTQ0OTY@._V1_QL75_UX140_CR0,1,140,207_.jpg",1992,2h 10m,15,8.2,(440K),85,"After witnessing his parents' death, Bruce learns the art of fighting to confront injustice. When he returns to Gotham as Batman, he must stop a secret society that intends to destroy the city.",Christopher Nolan,Tom Hanks,https://www.imdb.com/title/tt0105695/?ref_=ls_t_19
20. The Treasure of the Sierra Madre,"https://m.media-amazon.com/images/M/MV5BOTJlZWMxYzEtMjlkMS00ODE0LThlM2ItMDI3NGQ2YjhmMzkxXkEyXkFqcGdeQXVyMDI2NDg0NQ@@._V1_QL75_UX140_CR0,2,140,207_.jpg",1948,2h 6m,PG,8.2,(134K),98,"Retired Old West gunslinger William Munny reluctantly takes on one last job, with the help of his old partner Ned Logan and a young man, The ""Schofield Kid.""",Clint Eastwood,Michael Clarke Duncan,https://www.imdb.com/title/tt0040897/?ref_=ls_t_20
21. Dial M for Murder,"https://m.media-amazon.com/images/M/MV5BOWIwODIxYWItZDI4MS00YzhhLWE3MmYtMzlhZDIwOTMzZmE5L2ltYWdlXkEyXkFqcGdeQXVyNjc1NTYyMjg@._V1_QL75_UX140_CR0,1,140,207_.jpg",1954,1h 45m,PG,8.2,(191K),75,Two down-on-their-luck Americans searching for work in 1920s Mexico convince an old prospector to help them mine for gold in the Sierra Madre Mountains.,John Huston,David Morse,https://www.imdb.com/title/tt0046912/?ref_=ls_t_21
22. V for Vendetta,"https://m.media-amazon.com/images/M/MV5BOTI5ODc3NzExNV5BMl5BanBnXkFtZTcwNzYxNzQzMw@@._V1_QL75_UX140_CR0,0,140,207_.jpg",2005,2h 12m,15,8.1,(1.2M),62,A former tennis star arranges the murder of his adulterous wife.,Alfred Hitchcock,Christopher Nolan,https://www.imdb.com/title/tt0434409/?ref_=ls_t_22
23. Blade Runner,"https://m.media-amazon.com/images/M/MV5BNzQzMzJhZTEtOWM4NS00MTdhLTg0YjgtMjM4MDRkZjUwZDBlXkEyXkFqcGdeQXVyNjU0OTQ0OTY@._V1_QL75_UX140_CR0,0,140,207_.jpg",1982,1h 57m,AA,8.1,(831K),84,"In a future British dystopian society, a shadowy freedom fighter, known only by the alias of ""V"", plots to overthrow the tyrannical government - with the help of a young woman.",James McTeigue,Matthew McConaughey,https://www.imdb.com/title/tt0083658/?ref_=ls_t_23
24. Gran Torino,"https://m.media-amazon.com/images/M/MV5BMTc5NTk2OTU1Nl5BMl5BanBnXkFtZTcwMDc3NjAwMg@@._V1_QL75_UY207_CR0,0,140,207_.jpg",2008,1h 56m,15,8.1,(821K),73,A blade runner must pursue and terminate four replicants who stole a ship in space and have returned to Earth to find their creator.,Ridley Scott,Anne Hathaway,https://www.imdb.com/title/tt1205489/?ref_=ls_t_24
25. Barry Lyndon,"https://m.media-amazon.com/images/M/MV5BNmY0MWY2NDctZDdmMi00MjA1LTk0ZTQtZDMyZTQ1NTNlYzVjXkEyXkFqcGdeQXVyMjUzOTY1NTc@._V1_QL75_UX140_CR0,3,140,207_.jpg",1975,3h 5m,PG,8.1,(185K),89,"After a Hmong teenager tries to steal his prized 1972 Gran Torino, a disgruntled, prejudiced Korean War veteran seeks to redeem both the boy and himself.",Clint Eastwood,Jessica Chastain,https://www.imdb.com/title/tt0072684/?ref_=ls_t_25
26. Mad Max: Fury Road,"https://m.media-amazon.com/images/M/MV5BN2EwM2I5OWMtMGQyMi00Zjg1LWJkNTctZTdjYTA4OGUwZjMyXkEyXkFqcGdeQXVyMTMxODk2OTU@._V1_QL75_UX140_CR0,0,140,207_.jpg",2015,2h,15,8.1,(1.1M),90,An Irish rogue wins the heart of a rich widow and assumes her dead husband's aristocratic position in 18th-century England.,Stanley Kubrick,Martin Scorsese,https://www.imdb.com/title/tt1392190/?ref_=ls_t_26
27. Million Dollar Baby,"https://m.media-amazon.com/images/M/MV5BMTkxNzA1NDQxOV5BMl5BanBnXkFtZTcwNTkyMTIzMw@@._V1_QL75_UY207_CR0,0,140,207_.jpg",2004,2h 12m,12A,8.1,(728K),86,"In a post-apocalyptic wasteland, a woman rebels against a tyrannical ruler in search for her homeland with the aid of a group of female prisoners, a psychotic worshipper and a drifter named Max.",George Miller,Leonardo DiCaprio,https://www.imdb.com/title/tt0405159/?ref_=ls_t_27
28. Harry Potter and the Deathly Hallows: Part 2,"https://m.media-amazon.com/images/M/MV5BMjE5OTE4N2UtNzllYi00OTgzLWIzZWMtNzNjMThmZTc5ZGFkXkEyXkFqcGdeQXVyNjU0OTQ0OTY@._V1_QL75_UY207_CR14,0,140,207_.jpg",2011,2h 10m,12A,8.1,(960K),85,"Frankie, an ill-tempered old coach, reluctantly agrees to train aspiring boxer Maggie. Impressed with her determination and talent, he helps her become the best and the two soon form a close bond.",Clint Eastwood,Matt Damon,https://www.imdb.com/title/tt1201607/?ref_=ls_t_28
29. Before Sunset,"https://m.media-amazon.com/images/M/MV5BMTQ1MjAwNTM5Ml5BMl5BanBnXkFtZTYwNDM0MTc3._V1_QL75_UY207_CR0,0,140,207_.jpg",2004,1h 20m,15,8.1,(292K),91,"Harry, Ron, and Hermione search for Voldemort's remaining Horcruxes in their effort to destroy the Dark Lord as the final battle rages on at Hogwarts.",David Yates,Jack Nicholson,https://www.imdb.com/title/tt0381681/?ref_=ls_t_29
1. Antz,"https://m.media-amazon.com/images/M/MV5BYzQ0MTU4ODQtZGFhNy00NWI5LTk3ZjEtNDI2MTlhZThmZGQ2XkEyXkFqcGdeQXVyNzc5MjA3OA@@._V1_QL75_UX140_CR0,1,140,207_.jpg",1998,1h 23m,PG,6.5,(165K),73,A rather neurotic ant tries to break from his totalitarian society while trying to win the affection of the princess he loves.,Eric Darnell,Eric Darnell,https://www.imdb.com/title/tt0120587/?ref_=ls_t_1
2. The Prince of Egypt,"https://m.media-amazon.com/images/M/MV5BOWNjMjgyNmMtNWMzZC00YjI4LWI1NmUtMTY0ZTA0ZDQ4Y2EwXkEyXkFqcGdeQXVyNTUyMzE4Mzg@._V1_QL75_UX140_CR0,1,140,207_.jpg",1998,1h 39m,PG,7.2,(148K),64,Egyptian Prince Moses learns of his identity as a Hebrew and his destiny to become the chosen deliverer of his people.,Tim Johnson,Tim Johnson,https://www.imdb.com/title/tt0120794/?ref_=ls_t_2
3. Chicken Run,"https://m.media-amazon.com/images/M/MV5BNDgxNjZlZDYtZGJmZC00Mjg0LWEwYzctYWQ0MWFjNTM3ZmM4XkEyXkFqcGdeQXVyNTM5NzI0NDY@._V1_QL75_UY207_CR0,0,140,207_.jpg",2000,1h 24m,U,7.1,(214K),88,"When a cockerel apparently flies into a chicken farm, the chickens see him as an opportunity to escape their evil owners.",Lawrence Guterman,Lawrence Guterman,https://www.imdb.com/title/tt0120630/?ref_=ls_t_3
4. The Road to El Dorado,"https://m.media-amazon.com/images/M/MV5BOTEzNWIwMzctOTE1YS00YjIyLTgwZGEtMTMxZDAzNzlmODMxXkEyXkFqcGdeQXVyMjgyMDk1MzY@._V1_QL75_UY207_CR1,0,140,207_.jpg",2000,1h 29m,U,6.9,(109K),51,"Two swindlers get their hands on a map to the fabled city of gold, El Dorado.",Brenda Chapman,Woody Allen,https://www.imdb.com/title/tt0138749/?ref_=ls_t_4
5. Joseph: King of Dreams,"https://m.media-amazon.com/images/M/MV5BZWEzMzg4M2EtYjhmMS00NGYzLWJiZTgtNTg3MGMzOTIxMDAxXkEyXkFqcGdeQXVyNjExODE1MDc@._V1_QL75_UY207_CR2,0,140,207_.jpg",2000,1h 14m,U,6.5,(15K),84,"A prophet who has the ability to interpret dreams is sold into slavery in Egypt, where people learn of his gifts.",Steve Hickner,Sharon Stone,https://www.imdb.com/title/tt0264734/?ref_=ls_t_5
6. Shrek,"https://m.media-amazon.com/images/M/MV5BOGZhM2FhNTItODAzNi00YjA0LWEyN2UtNjJlYWQzYzU1MDg5L2ltYWdlL2ltYWdlXkEyXkFqcGdeQXVyMTQxNzMzNDI@._V1_QL75_UX140_CR0,1,140,207_.jpg",2001,1h 30m,U,7.9,(745K),52,"A mean lord exiles fairytale creatures to the swamp of a grumpy ogre, who must go on a quest and rescue a princess for the lord in order to get his land back.",Simon Wells,Gene Hackman,https://www.imdb.com/title/tt0126029/?ref_=ls_t_6
7. Spirit: Stallion of the Cimarron,"https://m.media-amazon.com/images/M/MV5BMTgyOTUzNDA1N15BMl5BanBnXkFtZTYwNjgwMDM3._V1_QL75_UY207_CR0,0,140,207_.jpg",2002,1h 23m,U,7.2,(87K),48,A captured mustang remains determined to return to his herd no matter what.,Peter Lord,Brenda Chapman,https://www.imdb.com/title/tt0166813/?ref_=ls_t_7
8. Sinbad: Legend of the Seven Seas,"https://m.media-amazon.com/images/M/MV5BMTIyMzE1ODI3NF5BMl5BanBnXkFtZTYwMDE3NDc2._V1_QL75_UY207_CR0,0,140,207_.jpg",2003,1h 28m,U,6.7,(60K),75,The sailor of legend is framed by the goddess Eris for the theft of the Book of Peace and must travel to her realm at the end of the world to retrieve it and save the life of his childhood friend Prince Proteus.,Nick Park,Steve Hickner,https://www.imdb.com/title/tt0165982/?ref_=ls_t_8
9. Shrek 2,"https://m.media-amazon.com/images/M/MV5BMDJhMGRjN2QtNDUxYy00NGM3LThjNGQtMmZiZTRhNjM4YzUxL2ltYWdlL2ltYWdlXkEyXkFqcGdeQXVyMTQxNzMzNDI@._V1_QL75_UY207_CR0,0,140,207_.jpg",2004,1h 33m,PG,7.3,(512K),48,"Shrek and Fiona travel to the Kingdom of Far Far Away, where Fiona's parents are King and Queen, to celebrate their marriage. When they arrive, they find they are not as welcome as they thought they would be.",Bibo Bergeron,Simon Wells,https://www.imdb.com/title/tt0298148/?ref_=ls_t_9
10. Shark Tale,"https://m.media-amazon.com/images/M/MV5BMTMxMjY0NzE2M15BMl5BanBnXkFtZTcwNTc3ODcyMw@@._V1_QL75_UY207_CR0,0,140,207_.jpg",2004,1h 30m,U,6.0,(201K),57,"When a son of a gangster shark boss is accidentally killed while on the hunt, his would-be prey and his vegetarian brother decide to use the incident to their own advantage.",Don Paul,Val Kilmer,https://www.imdb.com/title/tt0307453/?ref_=ls_t_10
11. Madagascar,"https://m.media-amazon.com/images/M/MV5BN2I5YzFlYWEtZjRhNy00ZmQzLWJhNTktZGIwYjFjODdmNDgxXkEyXkFqcGdeQXVyMTQxNzMzNDI@._V1_QL75_UX140_CR0,1,140,207_.jpg",2005,1h 26m,U,6.9,(443K),87,"A group of animals who have spent all their life in a New York zoo end up in the jungles of Madagascar, and must adjust to living in the wild.",Jeffrey Katzenberg,Ralph Fiennes,https://www.imdb.com/title/tt0351283/?ref_=ls_t_11
12. The Curse of the Were-Rabbit,"https://m.media-amazon.com/images/M/MV5BZmExY2Y3NGQtMzg5ZC00MGY1LTk3ZjktNWYyYzYwMTA1MTUwXkEyXkFqcGdeQXVyNjk1Njg5NTA@._V1_QL75_UY207_CR1,0,140,207_.jpg",2005,1h 25m,PG,7.5,(147K),67,"Wallace and his loyal dog, Gromit, set out to discover the mystery behind the garden sabotage that plagues their village and threatens the annual giant vegetable growing contest.",Rob LaDuca,Michelle Pfeiffer,https://www.imdb.com/title/tt0312004/?ref_=ls_t_12
13. Over the Hedge,"https://m.media-amazon.com/images/M/MV5BMWVhNTA1YzItZDNlMy00NDJmLTkyMWQtMTAxZWJkMWU0OTBlXkEyXkFqcGdeQXVyMTcwOTQzOTYy._V1_QL75_UX140_CR0,0,140,207_.jpg",2006,1h 23m,U,6.7,(191K),74,"A scheming raccoon fools a mismatched family of forest creatures into helping him repay a debt of food, by invading the new suburban sprawl that popped up while they were hibernating...and learns a lesson about family himself.",Robert C. Ramirez,Peter Lord,https://www.imdb.com/title/tt0327084/?ref_=ls_t_13
14. Flushed Away,"https://m.media-amazon.com/images/M/MV5BMTI1MzE1MDk2N15BMl5BanBnXkFtZTYwMjEwMzI3._V1_QL75_UX140_CR0,0,140,207_.jpg",2006,1h 25m,U,6.6,(140K),58,"The story of an uptown rat that gets flushed down the toilet from his penthouse apartment, ending in the sewers of London, where he has to learn a whole new and different way of life.",Andrew Adamson,Nick Park,https://www.imdb.com/title/tt0424095/?ref_=ls_t_14
15. Shrek the Third,"https://m.media-amazon.com/images/M/MV5BOTgyMjc3ODk2MV5BMl5BanBnXkFtZTcwMjY0MjEzMw@@._V1_QL75_UX140_CR0,0,140,207_.jpg",2007,1h 33m,U,6.1,(336K),54,"Reluctantly designated as the heir to the land of Far, Far Away, Shrek hatches a plan to install the rebellious Artie as the new king while Princess Fiona tries to fend off a coup d'état by the jilted Prince Charming.",Vicky Jenson,Mel Gibson,https://www.imdb.com/title/tt0413267/?ref_=ls_t_15
16. Bee Movie,"https://m.media-amazon.com/images/M/MV5BMjE1MDYxOTA4MF5BMl5BanBnXkFtZTcwMDE0MDUzMw@@._V1_QL75_UX140_CR0,0,140,207_.jpg",2007,1h 31m,U,6.1,(182K),74,"Barry B. Benson, a bee just graduated from college, is disillusioned at his lone career choice: making honey. On a special trip outside the hive, Barry's life is saved by Vanessa, a florist in New York City. As their relationship blossoms, he discovers humans actually eat honey and subsequently decides to sue them.",Kelly Asbury,Julia Sawalha,https://www.imdb.com/title/tt0389790/?ref_=ls_t_16
17. Kung Fu Panda,"https://m.media-amazon.com/images/M/MV5BODJkZTZhMWItMDI3Yy00ZWZlLTk4NjQtOTI1ZjU5NjBjZTVjXkEyXkFqcGdeQXVyODE5NzE3OTE@._V1_QL75_UY207_CR2,0,140,207_.jpg",2008,1h 32m,PG,7.6,(530K),61,"To everyone's surprise, including his own, Po, an overweight, clumsy panda, is chosen as protector of the Valley of Peace. His suitability will soon be tested as the valley's arch-enemy is on his way.",Lorna Cook,Phil Daniels,https://www.imdb.com/title/tt0441773/?ref_=ls_t_17
18. Madagascar: Escape 2 Africa,"https://m.media-amazon.com/images/M/MV5BMjExMDA4NDcwMl5BMl5BanBnXkFtZTcwODAxNTQ3MQ@@._V1_QL75_UX140_CR0,0,140,207_.jpg",2008,1h 29m,PG,6.6,(251K),75,"The Madagascar animals fly back to New York City, but crash-land on an African nature reserve in Kenya, where they meet others of their own kind, and Alex especially discovers his royal heritage as prince of a lion pride.",Patrick Gilmore,Bibo Bergeron,https://www.imdb.com/title/tt0479952/?ref_=ls_t_18
19. How to Train Your Dragon,"https://m.media-amazon.com/images/M/MV5BMjA5NDQyMjc2NF5BMl5BanBnXkFtZTcwMjg5ODcyMw@@._V1_QL75_UX140_CR0,0,140,207_.jpg",2010,1h 38m,PG,8.1,(811K),56,"A hapless young Viking who aspires to hunt dragons becomes the unlikely friend of a young dragon himself, and learns there may be more to the creatures than he assumed.",Tim Johnson,Don Paul,https://www.imdb.com/title/tt0892769/?ref_=ls_t_19
20. Monsters vs. Aliens,"https://m.media-amazon.com/images/M/MV5BMTY0OTQ3MzE3MV5BMl5BanBnXkFtZTcwMDQyMzMzMg@@._V1_QL75_UX140_CR0,0,140,207_.jpg",2009,1h 34m,PG,6.4,(178K),58,A woman transformed into a giant after she is struck by a meteorite on her wedding day becomes part of a team of monsters sent in by the U.S. government to defeat an alien mastermind trying to take over Earth.,Andrew Adamson,Jeffrey Katzenberg,https://www.imdb.com/title/tt0892782/?ref_=ls_t_20
21. Shrek Forever After,"https://m.media-amazon.com/images/M/MV5BMTY0OTU1NzkxMl5BMl5BanBnXkFtZTcwMzI2NDUzMw@@._V1_QL75_UX140_CR0,0,140,207_.jpg",2010,1h 33m,U,6.3,(228K),63,Rumpelstiltskin tricks a mid-life crisis burdened Shrek into allowing himself to be erased from existence and cast in a dark alternate timeline where Rumpelstiltskin rules supreme.,Kelly Asbury,Kevin Kline,https://www.imdb.com/title/tt0892791/?ref_=ls_t_21
22. Megamind,"https://m.media-amazon.com/images/M/MV5BMTAzMzI0NTMzNDBeQTJeQWpwZ15BbWU3MDM3NTAyOTM@._V1_QL75_UX140_CR0,6,140,207_.jpg",2010,1h 35m,PG,7.3,(300K),67,"Evil genius Megamind finally defeats his do-gooder nemesis, Metro Man, but is left without a purpose in a superhero-free world.",Conrad Vernon,Kenneth Branagh,https://www.imdb.com/title/tt1001526/?ref_=ls_t_22
23. Kung Fu Panda 2,"https://m.media-amazon.com/images/M/MV5BYzQ0ZWIxZjAtYWI3Yy00MGM0LWFjOGYtNzcyYThiOTA3ODI1XkEyXkFqcGdeQXVyODE5NzE3OTE@._V1_QL75_UY207_CR0,0,140,207_.jpg",2011,1h 30m,PG,7.3,(326K),65,"Po and his friends fight to stop a peacock villain from conquering China with a deadly new weapon, but first the Dragon Warrior must come to terms with his past.",Bibo Bergeron,Rosie Perez,https://www.imdb.com/title/tt1302011/?ref_=ls_t_23
24. Puss in Boots,"https://m.media-amazon.com/images/M/MV5BMWZiZTc0NTktNzNmZC00M2M3LTkwMDMtZGU3Mzg4NWI0ZjdjXkEyXkFqcGdeQXVyNTgyNTA4MjM@._V1_QL75_UX140_CR0,1,140,207_.jpg",2011,1h 30m,U,6.6,(195K),60,"An outlaw cat, his childhood egg-friend, and a seductive thief kitty set out in search for the eggs of the fabled Golden Goose to clear his name, restore his lost honor, and regain the trust of his mother and town.",Vicky Jenson,Rob LaDuca,https://www.imdb.com/title/tt0448694/?ref_=ls_t_24
25. Madagascar 3: Europe's Most Wanted,"https://m.media-amazon.com/images/M/MV5BZjEzYTZjMmYtZGRjMy00ZGNjLThkMzAtY2Y4Y2E5YWYxNWU2XkEyXkFqcGdeQXVyNTIzOTk5ODM@._V1_QL75_UX140_CR0,0,140,207_.jpg",2012,1h 35m,PG,6.8,(201K),58,"The Madagascar animals join a struggling European circus to get back to New York, but find themselves being pursued by a psychotic animal-control officer.",Rob Letterman,Robert C. Ramirez,https://www.imdb.com/title/tt1277953/?ref_=ls_t_25
26. Rise of the Guardians,"https://m.media-amazon.com/images/M/MV5BMTkzMjgwMDg1M15BMl5BanBnXkFtZTcwMTgzNTI1OA@@._V1_QL75_UX140_CR0,5,140,207_.jpg",2012,1h 37m,PG,7.2,(195K),55,"When the evil spirit Pitch launches an assault on Earth, the Immortal Guardians team up to protect the innocence of children all around the world.",Eric Darnell,Ben Affleck,https://www.imdb.com/title/tt1446192/?ref_=ls_t_26
27. The Croods,"https://m.media-amazon.com/images/M/MV5BMTcyOTc2OTA1Ml5BMl5BanBnXkFtZTcwOTI1MjkzOQ@@._V1_QL75_UX140_CR0,0,140,207_.jpg",2013,1h 38m,U,7.1,(235K),58,"After their cave is destroyed, a caveman family must trek through an unfamiliar fantastical world with the help of an inventive boy.",Tom McGrath,Mark Hamill,https://www.imdb.com/title/tt0481499/?ref_=ls_t_27
28. Turbo,"https://m.media-amazon.com/images/M/MV5BMTA4NTgwMjM5MzheQTJeQWpwZ15BbWU3MDg2ODA1ODk@._V1_QL75_UX140_CR0,0,140,207_.jpg",2013,1h 36m,U,6.4,(113K),59,A freak accident might just help an everyday garden snail achieve his biggest dream: winning the Indy 500.,Steve Box,Richard Herd,https://www.imdb.com/title/tt1860353/?ref_=ls_t_28
29. Mr. Peabody & Sherman,"https://m.media-amazon.com/images/M/MV5BMTc2NzUzOTMwM15BMl5BanBnXkFtZTcwNzcxNzI5OQ@@._V1_QL75_UX140_CR0,0,140,207_.jpg",2014,1h 32m,U,6.8,(79K),77,"Sherman, a young boy, misuses a time machine made by his scientist father Mr. Peabody and causes the world history to go haywire. It is now up to Mr. Peabody to rescue his son and the world.",Nick Park,Andrew Adamson,https://www.imdb.com/title/tt0864835/?ref_=ls_t_29
30. How to Train Your Dragon 2,"https://m.media-amazon.com/images/M/MV5BMzMwMTAwODczN15BMl5BanBnXkFtZTgwMDk2NDA4MTE@._V1_QL75_UX140_CR0,0,140,207_.jpg",2014,1h 42m,PG,7.8,(368K),53,"When Hiccup and Toothless discover an ice cave that is home to hundreds of new wild dragons and the mysterious Dragon Rider, the two friends find themselves at the center of a battle to protect the peace.",Tim Johnson,Vicky Jenson,https://www.imdb.com/title/tt1646971/?ref_=ls_t_30
31. Penguins of Madagascar,"https://m.media-amazon.com/images/M/MV5BMTEyMDg4MDU4MjdeQTJeQWpwZ15BbWU4MDQyOTc3MjIx._V1_QL75_UX140_CR0,0,140,207_.jpg",2014,1h 32m,U,6.6,(104K),55,"Skipper, Kowalski, Rico and Private join forces with undercover organization The North Wind to stop the villainous Dr. Octavius Brine from destroying the world as we know it.",Karey Kirkpatrick,Mike Myers,https://www.imdb.com/title/tt1911658/?ref_=ls_t_31
32. Home,"https://m.media-amazon.com/images/M/MV5BMjExOTQ4MDMyMV5BMl5BanBnXkFtZTgwMTE3NDM2MzE@._V1_QL75_UX140_CR0,0,140,207_.jpg",2015,1h 34m,U,6.5,(113K),66,"Oh, a lovable misfit alien, runs away from his planet and takes shelter on Earth, where he befriends Tip, an adventurous young girl who is on a quest to find her displaced mother Lucy.",David Bowers,Eddie Murphy,https://www.imdb.com/title/tt2224026/?ref_=ls_t_32
33. Kung Fu Panda 3,"https://m.media-amazon.com/images/M/MV5BMTUyNzgxNjg2M15BMl5BanBnXkFtZTgwMTY1NDI1NjE@._V1_QL75_UX140_CR0,0,140,207_.jpg",2016,1h 35m,PG,7.1,(194K),55,"Continuing his ""legendary adventures of awesomeness"", Po must face two hugely epic, but different threats: one supernatural and the other a little closer to home.",Sam Fell,Cameron Diaz,https://www.imdb.com/title/tt2267968/?ref_=ls_t_33
34. Trolls,"https://m.media-amazon.com/images/M/MV5BMTkxNDc3OTcxMV5BMl5BanBnXkFtZTgwODk2NjAzOTE@._V1_QL75_UX140_CR0,0,140,207_.jpg",2016,1h 32m,U,6.4,(93K),50,"After the Bergens invade Troll Village, Poppy, the happiest Troll ever born, and the curmudgeonly Branch set off on a journey to rescue her friends.",Chris Miller,Kelly Asbury,https://www.imdb.com/title/tt1679335/?ref_=ls_t_34
35. The Boss Baby,"https://m.media-amazon.com/images/M/MV5BMTg5MzUxNzgxNV5BMl5BanBnXkFtZTgwMTM2NzQ3MjI@._V1_QL75_UY207_CR1,0,140,207_.jpg",2017,1h 37m,U,6.3,(144K),69,"A suit-wearing, briefcase-carrying baby pairs up with his 7-year old brother to stop the dastardly plot of the CEO of Puppy Co.",Raman Hui,Lorna Cook,https://www.imdb.com/title/tt3874544/?ref_=ls_t_35
36. Captain Underpants: The First Epic Movie,"https://m.media-amazon.com/images/M/MV5BMmQwMzdiOGMtNGZiYS00YjgyLWJlMjItYzQ3Nzc2OGIwYjQwXkEyXkFqcGdeQXVyMzQ1MTM3NjY@._V1_QL75_UX140_CR0,0,140,207_.jpg",2017,1h 29m,U,6.2,(33K),71,"Two overly-imaginative pranksters hypnotize their grumpy principal into thinking he's a ridiculously enthusiastic, incredibly dimwitted, underwear-themed superhero.",Simon J. Smith,Matt Damon,https://www.imdb.com/title/tt2091256/?ref_=ls_t_36
37. How to Train Your Dragon: The Hidden World,"https://m.media-amazon.com/images/M/MV5BMjIwMDIwNjAyOF5BMl5BanBnXkFtZTgwNDE1MDc2NTM@._V1_QL75_UX140_CR0,7,140,207_.jpg",2019,1h 44m,PG,7.4,(154K),51,"When Hiccup discovers Toothless isn't the only Night Fury, he must seek the Hidden World, a secret Dragon Utopia before a hired tyrant named Grimmel finds it first.",Steve Hickner,James Cromwell,https://www.imdb.com/title/tt2386490/?ref_=ls_t_37
38. Trolls World Tour,"https://m.media-amazon.com/images/M/MV5BYzFlMzYwMWMtOWY1My00ZDQxLWJlZTUtNzQ2NTFhNjFkZDBiXkEyXkFqcGdeQXVyMTA4NjE0NjEy._V1_QL75_UX140_CR0,0,140,207_.jpg",2020,1h 31m,U,6.1,(30K),56,"When the Queen of the Hard Rock Trolls tries to take over all the Troll kingdoms, Queen Poppy and her friends try different ways to save all the Trolls.",Mark Osborne,Daniel Studi,https://www.imdb.com/title/tt6587640/?ref_=ls_t_38
39. The Croods: A New Age,"https://m.media-amazon.com/images/M/MV5BNTg4MGM3MTItMTlkNi00Mzk5LWE1Y2UtYzM5MWY3NTExYTg3XkEyXkFqcGdeQXVyMjM4NTM5NDY@._V1_QL75_UX140_CR0,7,140,207_.jpg",2020,1h 35m,U,6.9,(54K),39,"The prehistoric family the Croods are challenged by a rival family the Bettermans, who claim to be better and more evolved.",John Stevenson,Patrick Gilmore,https://www.imdb.com/title/tt2850386/?ref_=ls_t_39
40. The Boss Baby 2: Family Business,"https://m.media-amazon.com/images/M/MV5BYWY1N2I5MGUtZTBmNS00MWZmLWEyNzAtZjliNzk0ZDVkYzI1XkEyXkFqcGdeQXVyMTEyMjM2NDc2._V1_QL75_UX140_CR0,7,140,207_.jpg",2021,1h 47m,PG,5.9,(23K),73,"The Templeton brothers have become adults and drifted away from each other, but a new boss baby with a cutting-edge approach is about to bring them together again - and inspire a new family business.",Eric Darnell,Tim Johnson,https://www.imdb.com/title/tt6932874/?ref_=ls_t_40
