Director,Title,Link
Christopher Nolan,Memento,https://www.imdb.com/title/tt5207922/?ref_=nm_flmg_unrel_1_wr
Christopher Nolan,Oppenheimer,https://www.imdb.com/title/tt15398776/?ref_=nm_flmg_t_1_wr
Christopher Nolan,Tenet,https://www.imdb.com/title/tt6723592/?ref_=nm_flmg_t_2_wr
Christopher Nolan,Dunkirk,https://www.imdb.com/title/tt5013056/?ref_=nm_flmg_t_3_wr
Christopher Nolan,Interstellar,https://www.imdb.com/title/tt0816692/?ref_=nm_flmg_t_4_wr
Christopher Nolan,Man of Steel,https://www.imdb.com/title/tt0770828/?ref_=nm_flmg_t_5_wr
Christopher Nolan,The Dark Knight Rises,https://www.imdb.com/title/tt1345836/?ref_=nm_flmg_t_6_wr
Christopher Nolan,Inception: The Cobol Job,https://www.imdb.com/title/tt1790736/?ref_=nm_flmg_t_7_wr
Christopher Nolan,Inception,https://www.imdb.com/title/tt1375666/?ref_=nm_flmg_t_8_wr
Christopher Nolan,The Dark Knight,https://www.imdb.com/title/tt0468569/?ref_=nm_flmg_t_9_wr
Christopher Nolan,The Prestige,https://www.imdb.com/title/tt0482571/?ref_=nm_flmg_t_10_wr
Christopher Nolan,Batman Begins,https://www.imdb.com/title/tt0450392/?ref_=nm_flmg_t_11_wr
Christopher Nolan,Batman Begins,https://www.imdb.com/title/tt0372784/?ref_=nm_flmg_t_12_wr
Christopher Nolan,Memento,https://www.imdb.com/title/tt0209144/?ref_=nm_flmg_t_13_wr
Christopher Nolan,Following,https://www.imdb.com/title/tt0154506/?ref_=nm_flmg_t_14_wr
Christopher Nolan,Doodlebug,https://www.imdb.com/title/tt0411302/?ref_=nm_flmg_t_15_wr
Christopher Nolan,Oppenheimer,https://www.imdb.com/title/tt15398776/?ref_=nm_flmg_t_1_prd
Christopher Nolan,Zack Snyder's Justice League,https://www.imdb.com/title/tt12361974/?ref_=nm_flmg_t_2_prd
Christopher Nolan,Tenet,https://www.imdb.com/title/tt6723592/?ref_=nm_flmg_t_3_prd
Christopher Nolan,The Doll's Breath,https://www.imdb.com/title/tt10883760/?ref_=nm_flmg_t_4_prd
Christopher Nolan,The Dunkirk Spirit: Behind the Making of the Movie,https://www.imdb.com/title/tt8000432/?ref_=nm_flmg_t_5_prd
Christopher Nolan,Justice League,https://www.imdb.com/title/tt0974015/?ref_=nm_flmg_t_6_prd
Christopher Nolan,Dunkirk,https://www.imdb.com/title/tt5013056/?ref_=nm_flmg_t_7_prd
Christopher Nolan,Batman v Superman: Dawn of Justice,https://www.imdb.com/title/tt2975590/?ref_=nm_flmg_t_8_prd
Christopher Nolan,Quay,https://www.imdb.com/title/tt4907572/?ref_=nm_flmg_t_9_prd
Christopher Nolan,Interstellar,https://www.imdb.com/title/tt0816692/?ref_=nm_flmg_t_10_prd
Christopher Nolan,Transcendence,https://www.imdb.com/title/tt2209764/?ref_=nm_flmg_t_11_prd
Christopher Nolan,Man of Steel,https://www.imdb.com/title/tt0770828/?ref_=nm_flmg_t_12_prd
Christopher Nolan,The Dark Knight Rises,https://www.imdb.com/title/tt1345836/?ref_=nm_flmg_t_13_prd
Christopher Nolan,Inception,https://www.imdb.com/title/tt1375666/?ref_=nm_flmg_t_14_prd
Christopher Nolan,The Dark Knight,https://www.imdb.com/title/tt0468569/?ref_=nm_flmg_t_15_prd
Christopher Nolan,Oppenheimer,https://www.imdb.com/title/tt15398776/?ref_=nm_flmg_t_1_dr
Christopher Nolan,Tenet,https://www.imdb.com/title/tt6723592/?ref_=nm_flmg_t_2_dr
Christopher Nolan,Dunkirk,https://www.imdb.com/title/tt5013056/?ref_=nm_flmg_t_3_dr
Christopher Nolan,Quay,https://www.imdb.com/title/tt4907572/?ref_=nm_flmg_t_4_dr
Christopher Nolan,Interstellar,https://www.imdb.com/title/tt0816692/?ref_=nm_flmg_t_5_dr
Christopher Nolan,The Dark Knight Rises,https://www.imdb.com/title/tt1345836/?ref_=nm_flmg_t_6_dr
Christopher Nolan,Inception,https://www.imdb.com/title/tt1375666/?ref_=nm_flmg_t_7_dr
Christopher Nolan,The Dark Knight,https://www.imdb.com/title/tt0468569/?ref_=nm_flmg_t_8_dr
Christopher Nolan,The Prestige,https://www.imdb.com/title/tt0482571/?ref_=nm_flmg_t_9_dr
Christopher Nolan,Batman Begins,https://www.imdb.com/title/tt0372784/?ref_=nm_flmg_t_10_dr
Christopher Nolan,Insomnia,https://www.imdb.com/title/tt0278504/?ref_=nm_flmg_t_11_dr
Christopher Nolan,Memento,https://www.imdb.com/title/tt0209144/?ref_=nm_flmg_t_12_dr
Christopher Nolan,Following,https://www.imdb.com/title/tt0154506/?ref_=nm_flmg_t_13_dr
Christopher Nolan,Doodlebug,https://www.imdb.com/title/tt0411302/?ref_=nm_flmg_t_14_dr
Christopher Nolan,Larceny,https://www.imdb.com/title/tt6386412/?ref_=nm_flmg_t_15_dr
David Fincher,Lange,https://www.imdb.com/title/tt2008681/?ref_=nm_flmg_unrel_1_prd
David Fincher,Chinatown,https://www.imdb.com/title/tt11310322/?ref_=nm_flmg_unrel_2_prd
David Fincher,Is That Black Enough for You?!?,https://www.imdb.com/title/tt21438352/?ref_=nm_flmg_t_1_prd
David Fincher,"Love, Death & Robots",https://www.imdb.com/title/tt9561862/?ref_=nm_flmg_t_2_prd
David Fincher,Voir,https://www.imdb.com/title/tt15677070/?ref_=nm_flmg_t_3_prd
David Fincher,Anheuser Busch: Let's Grab a Beer,https://www.imdb.com/title/tt17372950/?ref_=nm_flmg_t_4_prd
David Fincher,Mindhunter,https://www.imdb.com/title/tt5290382/?ref_=nm_flmg_t_5_prd
David Fincher,House of Cards,https://www.imdb.com/title/tt1856010/?ref_=nm_flmg_t_6_prd
David Fincher,The Girl in the Spider's Web,https://www.imdb.com/title/tt5177088/?ref_=nm_flmg_t_7_prd
David Fincher,Love and Other Disasters,https://www.imdb.com/title/tt0452643/?ref_=nm_flmg_t_8_prd
David Fincher,Lords of Dogtown,https://www.imdb.com/title/tt0355702/?ref_=nm_flmg_t_9_prd
David Fincher,The Hire,https://www.imdb.com/title/tt12958702/?ref_=nm_flmg_t_10_prd
David Fincher,Ticker,https://www.imdb.com/title/tt0340398/?ref_=nm_flmg_t_11_prd
David Fincher,Star,https://www.imdb.com/title/tt0286151/?ref_=nm_flmg_t_12_prd
David Fincher,The Car Thief and the Hit Man,https://www.imdb.com/title/tt0285471/?ref_=nm_flmg_t_13_prd
David Fincher,The Follow,https://www.imdb.com/title/tt0285104/?ref_=nm_flmg_t_14_prd
David Fincher,Chosen,https://www.imdb.com/title/tt0283994/?ref_=nm_flmg_t_15_prd
David Fincher,The Killer,https://www.imdb.com/title/tt1136617/?ref_=nm_flmg_t_1_dr
David Fincher,"Love, Death & Robots",https://www.imdb.com/title/tt9561862/?ref_=nm_flmg_t_2_dr
David Fincher,Mank,https://www.imdb.com/title/tt10618286/?ref_=nm_flmg_t_3_dr
David Fincher,Mindhunter,https://www.imdb.com/title/tt5290382/?ref_=nm_flmg_t_4_dr
David Fincher,Gone Girl,https://www.imdb.com/title/tt2267998/?ref_=nm_flmg_t_5_dr
David Fincher,Calvin Klein: Downtown,https://www.imdb.com/title/tt6928750/?ref_=nm_flmg_t_6_dr
David Fincher,Justin Timberlake feat. Jay-Z: Suit & Tie,https://www.imdb.com/title/tt3391114/?ref_=nm_flmg_t_7_dr
David Fincher,House of Cards,https://www.imdb.com/title/tt1856010/?ref_=nm_flmg_t_8_dr
David Fincher,Karen O & Trent Reznor & Atticus Ross: Immigrant Song,https://www.imdb.com/title/tt11575724/?ref_=nm_flmg_t_9_dr
David Fincher,The Girl with the Dragon Tattoo,https://www.imdb.com/title/tt1568346/?ref_=nm_flmg_t_10_dr
David Fincher,The Social Network,https://www.imdb.com/title/tt1285016/?ref_=nm_flmg_t_11_dr
David Fincher,Madonna: Celebration - The Video Collection,https://www.imdb.com/title/tt2866056/?ref_=nm_flmg_t_12_dr
David Fincher,The Curious Case of Benjamin Button,https://www.imdb.com/title/tt0421715/?ref_=nm_flmg_t_13_dr
David Fincher,Zodiac,https://www.imdb.com/title/tt0443706/?ref_=nm_flmg_t_14_dr
David Fincher,George Michael: Twenty Five,https://www.imdb.com/title/tt1100093/?ref_=nm_flmg_t_15_dr
David Fincher,The Hire,https://www.imdb.com/title/tt12958702/?ref_=nm_flmg_t_1_wr
David Fincher,Ticker,https://www.imdb.com/title/tt0340398/?ref_=nm_flmg_t_2_wr
David Fincher,Beat the Devil,https://www.imdb.com/title/tt0338768/?ref_=nm_flmg_t_3_wr
Martin Scorsese,In the Hand of Dante,https://www.imdb.com/title/tt1333644/?ref_=nm_flmg_unrel_1_prd
Martin Scorsese,Escape,https://www.imdb.com/title/tt26451073/?ref_=nm_flmg_unrel_2_prd
Martin Scorsese,"Die, My Love",https://www.imdb.com/title/tt9362736/?ref_=nm_flmg_unrel_3_prd
Martin Scorsese,Roosevelt,https://www.imdb.com/title/tt7428530/?ref_=nm_flmg_unrel_4_prd
Martin Scorsese,Bastard,https://www.imdb.com/title/tt6705886/?ref_=nm_flmg_unrel_5_prd
Martin Scorsese,Outrider,https://www.imdb.com/title/tt4083038/?ref_=nm_flmg_unrel_6_prd
Martin Scorsese,Shipwrecks of Sicily,https://www.imdb.com/title/tt32875340/?ref_=nm_flmg_unrel_7_prd
Martin Scorsese,Gangs of New York,https://www.imdb.com/title/tt22769648/?ref_=nm_flmg_unrel_8_prd
Martin Scorsese,The Devil in the White City,https://www.imdb.com/title/tt0959300/?ref_=nm_flmg_unrel_9_prd
Martin Scorsese,"The Wager: A Tale of Shipwreck, Mutiny, and Murder",https://www.imdb.com/title/tt21402698/?ref_=nm_flmg_unrel_10_prd
Martin Scorsese,Martin Scorsese Presents: The Saints,https://www.imdb.com/title/tt31934325/?ref_=nm_flmg_t_1_prd
Martin Scorsese,The Freshly Cut Grass,https://www.imdb.com/title/tt26895377/?ref_=nm_flmg_t_2_prd
Martin Scorsese,Funny Birds,https://www.imdb.com/title/tt20414046/?ref_=nm_flmg_t_3_prd
Martin Scorsese,Made in England: The Films of Powell and Pressburger,https://www.imdb.com/title/tt19895822/?ref_=nm_flmg_t_4_prd
Martin Scorsese,Pet Shop Days,https://www.imdb.com/title/tt26449042/?ref_=nm_flmg_t_5_prd
Martin Scorsese,Maestro,https://www.imdb.com/title/tt5535276/?ref_=nm_flmg_t_6_prd
Martin Scorsese,The Absence of Eden,https://www.imdb.com/title/tt10353588/?ref_=nm_flmg_t_7_prd
Martin Scorsese,Killers of the Flower Moon,https://www.imdb.com/title/tt5537002/?ref_=nm_flmg_t_8_prd
Martin Scorsese,Personality Crisis: One Night Only,https://www.imdb.com/title/tt12667838/?ref_=nm_flmg_t_9_prd
Martin Scorsese,The Eternal Daughter,https://www.imdb.com/title/tt13874422/?ref_=nm_flmg_t_10_prd
Martin Scorsese,The Last Movie Stars,https://www.imdb.com/title/tt13101040/?ref_=nm_flmg_t_11_prd
Martin Scorsese,Theodore Roosevelt,https://www.imdb.com/title/tt12330446/?ref_=nm_flmg_t_12_prd
Martin Scorsese,Dreaming Walls,https://www.imdb.com/title/tt14679114/?ref_=nm_flmg_t_13_prd
Martin Scorsese,The Card Counter,https://www.imdb.com/title/tt11196036/?ref_=nm_flmg_t_14_prd
Martin Scorsese,Evolution,https://www.imdb.com/title/tt14776894/?ref_=nm_flmg_t_15_prd
Martin Scorsese,An Afternoon with SCTV,https://www.imdb.com/title/tt8324408/?ref_=nm_flmg_unrel_1_dr
Martin Scorsese,Roosevelt,https://www.imdb.com/title/tt7428530/?ref_=nm_flmg_unrel_2_dr
Martin Scorsese,A Life of Jesus,https://www.imdb.com/title/tt31066312/?ref_=nm_flmg_unrel_3_dr
Martin Scorsese,Gangs of New York,https://www.imdb.com/title/tt22769648/?ref_=nm_flmg_unrel_4_dr
Martin Scorsese,"The Wager: A Tale of Shipwreck, Mutiny, and Murder",https://www.imdb.com/title/tt21402698/?ref_=nm_flmg_unrel_5_dr
Martin Scorsese,Bleu de Chanel,https://www.imdb.com/title/tt32397877/?ref_=nm_flmg_t_1_dr
Martin Scorsese,Squarespace: Hello Down There,https://www.imdb.com/title/tt31187416/?ref_=nm_flmg_t_2_dr
Martin Scorsese,Squarespace: Marty & Francesca Make a Website,https://www.imdb.com/title/tt31192313/?ref_=nm_flmg_t_3_dr
Martin Scorsese,Killers of the Flower Moon,https://www.imdb.com/title/tt5537002/?ref_=nm_flmg_t_4_dr
Martin Scorsese,Personality Crisis: One Night Only,https://www.imdb.com/title/tt12667838/?ref_=nm_flmg_t_5_dr
Martin Scorsese,Rolling Thunder Revue: Additional Performances,https://www.imdb.com/title/tt29544805/?ref_=nm_flmg_t_6_dr
Martin Scorsese,Pretend It's a City,https://www.imdb.com/title/tt13660958/?ref_=nm_flmg_t_7_dr
Martin Scorsese,The Irishman,https://www.imdb.com/title/tt1302006/?ref_=nm_flmg_t_8_dr
Martin Scorsese,Rolling Thunder Revue: A Bob Dylan Story By Martin Scorsese,https://www.imdb.com/title/tt9577852/?ref_=nm_flmg_t_9_dr
Martin Scorsese,Silence,https://www.imdb.com/title/tt0490215/?ref_=nm_flmg_t_10_dr
Martin Scorsese,Vinyl,https://www.imdb.com/title/tt3186130/?ref_=nm_flmg_t_11_dr
Martin Scorsese,The Audition,https://www.imdb.com/title/tt4016250/?ref_=nm_flmg_t_12_dr
Martin Scorsese,Arena,https://www.imdb.com/title/tt0199184/?ref_=nm_flmg_t_13_dr
Martin Scorsese,The 50 Year Argument,https://www.imdb.com/title/tt3510820/?ref_=nm_flmg_t_14_dr
Martin Scorsese,The King of Comedy: Deleted and Extended Scenes,https://www.imdb.com/title/tt10908058/?ref_=nm_flmg_t_15_dr
Martin Scorsese,In the Hand of Dante,https://www.imdb.com/title/tt1333644/?ref_=nm_flmg_unrel_1_act
Martin Scorsese,Squarespace: Hello Down There,https://www.imdb.com/title/tt31187416/?ref_=nm_flmg_t_1_act
Martin Scorsese,Squarespace: Marty & Francesca Make a Website,https://www.imdb.com/title/tt31192313/?ref_=nm_flmg_t_2_act
Martin Scorsese,The Muse,https://www.imdb.com/title/tt30224839/?ref_=nm_flmg_t_3_act
Martin Scorsese,Killers of the Flower Moon,https://www.imdb.com/title/tt5537002/?ref_=nm_flmg_t_4_act
Martin Scorsese,Wiseguy,https://www.imdb.com/title/tt30973085/?ref_=nm_flmg_t_5_act
Martin Scorsese,The Audition,https://www.imdb.com/title/tt4016250/?ref_=nm_flmg_t_6_act
Martin Scorsese,Timeshifters,https://www.imdb.com/title/tt2639514/?ref_=nm_flmg_t_7_act
Martin Scorsese,Hollywood Green Cards: Doggy Date,https://www.imdb.com/title/tt3590006/?ref_=nm_flmg_t_8_act
Martin Scorsese,Jimmy Kimmel Live!,https://www.imdb.com/title/tt0320037/?ref_=nm_flmg_t_9_act
Martin Scorsese,Hugo,https://www.imdb.com/title/tt0970179/?ref_=nm_flmg_t_10_act
Martin Scorsese,30 Rock,https://www.imdb.com/title/tt0496424/?ref_=nm_flmg_t_11_act
Martin Scorsese,Entourage,https://www.imdb.com/title/tt0387199/?ref_=nm_flmg_t_12_act
Martin Scorsese,Club Oscar,https://www.imdb.com/title/tt5091774/?ref_=nm_flmg_t_13_act
Martin Scorsese,The Aviator,https://www.imdb.com/title/tt0338751/?ref_=nm_flmg_t_14_act
Martin Scorsese,Shark Tale,https://www.imdb.com/title/tt0307453/?ref_=nm_flmg_t_15_act
Quentin Tarantino,Django/Zorro,https://www.imdb.com/title/tt10433602/?ref_=nm_flmg_unrel_1_prd
Quentin Tarantino,The Gala Show,https://www.imdb.com/title/tt29661088/?ref_=nm_flmg_t_1_prd
Quentin Tarantino,Once Upon a Time... in Hollywood,https://www.imdb.com/title/tt7131622/?ref_=nm_flmg_t_2_prd
Quentin Tarantino,#15SecondScare,https://www.imdb.com/title/tt5196130/?ref_=nm_flmg_t_3_prd
Quentin Tarantino,Hell Ride,https://www.imdb.com/title/tt0411475/?ref_=nm_flmg_t_4_prd
Quentin Tarantino,Hostel: Part II,https://www.imdb.com/title/tt0498353/?ref_=nm_flmg_t_5_prd
Quentin Tarantino,Death Proof,https://www.imdb.com/title/tt1028528/?ref_=nm_flmg_t_6_prd
Quentin Tarantino,Planet Terror,https://www.imdb.com/title/tt1077258/?ref_=nm_flmg_t_7_prd
Quentin Tarantino,Grindhouse,https://www.imdb.com/title/tt0462322/?ref_=nm_flmg_t_8_prd
Quentin Tarantino,Freedom's Fury,https://www.imdb.com/title/tt0322332/?ref_=nm_flmg_t_9_prd
Quentin Tarantino,Daltry Calhoun,https://www.imdb.com/title/tt0339642/?ref_=nm_flmg_t_10_prd
Quentin Tarantino,Hostel,https://www.imdb.com/title/tt0450278/?ref_=nm_flmg_t_11_prd
Quentin Tarantino,My Name Is Modesty: A Modesty Blaise Adventure,https://www.imdb.com/title/tt0347591/?ref_=nm_flmg_t_12_prd
Quentin Tarantino,From Dusk Till Dawn 3: The Hangman's Daughter,https://www.imdb.com/title/tt0120695/?ref_=nm_flmg_t_13_prd
Quentin Tarantino,From Dusk Till Dawn 2: Texas Blood Money,https://www.imdb.com/title/tt0120860/?ref_=nm_flmg_t_14_prd
Quentin Tarantino,"God Said, 'Ha!'",https://www.imdb.com/title/tt0119207/?ref_=nm_flmg_t_15_prd
Quentin Tarantino,Love Birds in Bondage,https://www.imdb.com/title/tt1959459/?ref_=nm_flmg_unrel_1_wr
Quentin Tarantino,Bounty Law,https://www.imdb.com/title/tt11720512/?ref_=nm_flmg_unrel_2_wr
Quentin Tarantino,Django/Zorro,https://www.imdb.com/title/tt10433602/?ref_=nm_flmg_unrel_3_wr
Quentin Tarantino,The Pimp,https://www.imdb.com/title/tt31110373/?ref_=nm_flmg_t_1_wr
Quentin Tarantino,Once Upon a Time... in Hollywood,https://www.imdb.com/title/tt7131622/?ref_=nm_flmg_t_2_wr
Quentin Tarantino,The Hateful Eight - Extended Version,https://www.imdb.com/title/tt30425533/?ref_=nm_flmg_t_3_wr
Quentin Tarantino,From Dusk Till Dawn: The Series,https://www.imdb.com/title/tt3337194/?ref_=nm_flmg_t_4_wr
Quentin Tarantino,The Hateful Eight,https://www.imdb.com/title/tt3460252/?ref_=nm_flmg_t_5_wr
Quentin Tarantino,Django,https://www.imdb.com/title/tt2717098/?ref_=nm_flmg_t_6_wr
Quentin Tarantino,Django Unchained,https://www.imdb.com/title/tt1853728/?ref_=nm_flmg_t_7_wr
Quentin Tarantino,Inglourious Basterds,https://www.imdb.com/title/tt0361748/?ref_=nm_flmg_t_8_wr
Quentin Tarantino,Death Proof,https://www.imdb.com/title/tt1028528/?ref_=nm_flmg_t_9_wr
Quentin Tarantino,Grindhouse,https://www.imdb.com/title/tt0462322/?ref_=nm_flmg_t_10_wr
Quentin Tarantino,Reservoir Dogs,https://www.imdb.com/title/tt0808446/?ref_=nm_flmg_t_11_wr
Quentin Tarantino,Kill Bill: The Whole Bloody Affair,https://www.imdb.com/title/tt6019206/?ref_=nm_flmg_t_12_wr
Quentin Tarantino,CSI: Crime Scene Investigation,https://www.imdb.com/title/tt0247082/?ref_=nm_flmg_t_13_wr
Quentin Tarantino,Kill Bill: Vol. 2,https://www.imdb.com/title/tt0378194/?ref_=nm_flmg_t_14_wr
Quentin Tarantino,Kill Bill: Vol. 1,https://www.imdb.com/title/tt0266697/?ref_=nm_flmg_t_15_wr
Quentin Tarantino,Love Birds in Bondage,https://www.imdb.com/title/tt1959459/?ref_=nm_flmg_unrel_1_act
Quentin Tarantino,Super Pumped: The Battle for Uber,https://www.imdb.com/title/tt11173006/?ref_=nm_flmg_t_1_act
Quentin Tarantino,Once Upon a Time... in Hollywood,https://www.imdb.com/title/tt7131622/?ref_=nm_flmg_t_2_act
Quentin Tarantino,The Hateful Eight,https://www.imdb.com/title/tt3460252/?ref_=nm_flmg_t_3_act
Quentin Tarantino,She's Funny That Way,https://www.imdb.com/title/tt1767372/?ref_=nm_flmg_t_4_act
Quentin Tarantino,Django Unchained,https://www.imdb.com/title/tt1853728/?ref_=nm_flmg_t_5_act
Quentin Tarantino,Inglourious Basterds,https://www.imdb.com/title/tt0361748/?ref_=nm_flmg_t_6_act
Quentin Tarantino,Diary of the Dead,https://www.imdb.com/title/tt0848557/?ref_=nm_flmg_t_7_act
Quentin Tarantino,Sukiyaki Western Django,https://www.imdb.com/title/tt0906665/?ref_=nm_flmg_t_8_act
Quentin Tarantino,Death Proof,https://www.imdb.com/title/tt1028528/?ref_=nm_flmg_t_9_act
Quentin Tarantino,Planet Terror,https://www.imdb.com/title/tt1077258/?ref_=nm_flmg_t_10_act
Quentin Tarantino,Grindhouse,https://www.imdb.com/title/tt0462322/?ref_=nm_flmg_t_11_act
Quentin Tarantino,Duck Dodgers,https://www.imdb.com/title/tt0376390/?ref_=nm_flmg_t_12_act
Quentin Tarantino,The Muppets' Wizard of Oz,https://www.imdb.com/title/tt0422778/?ref_=nm_flmg_t_13_act
Quentin Tarantino,Kill Bill: Vol. 2,https://www.imdb.com/title/tt0378194/?ref_=nm_flmg_t_14_act
Quentin Tarantino,Alias,https://www.imdb.com/title/tt0285333/?ref_=nm_flmg_t_15_act
James Cameron,Terminator Zero,https://www.imdb.com/title/tt14153236/?ref_=nm_flmg_unrel_1_wr
James Cameron,Avatar: Fire and Ash,https://www.imdb.com/title/tt1757678/?ref_=nm_flmg_unrel_2_wr
James Cameron,Avatar 4,https://www.imdb.com/title/tt3095356/?ref_=nm_flmg_unrel_3_wr
James Cameron,Avatar 5,https://www.imdb.com/title/tt5637536/?ref_=nm_flmg_unrel_4_wr
James Cameron,True Lies,https://www.imdb.com/title/tt7380366/?ref_=nm_flmg_t_1_wr
James Cameron,Avatar: The Way of Water,https://www.imdb.com/title/tt1630029/?ref_=nm_flmg_t_2_wr
James Cameron,Terminator: Dark Fate,https://www.imdb.com/title/tt6450804/?ref_=nm_flmg_t_3_wr
James Cameron,Alita: Battle Angel,https://www.imdb.com/title/tt0437086/?ref_=nm_flmg_t_4_wr
James Cameron,Toruk: The First Flight,https://www.imdb.com/title/tt6404142/?ref_=nm_flmg_t_5_wr
James Cameron,Bad to the Bone,https://www.imdb.com/title/tt6068550/?ref_=nm_flmg_t_6_wr
James Cameron,BigHead Terminator 2: Judgment Day,https://www.imdb.com/title/tt5573044/?ref_=nm_flmg_t_7_wr
James Cameron,Terminator Genisys,https://www.imdb.com/title/tt1340138/?ref_=nm_flmg_t_8_wr
James Cameron,Terminator Genisys: Revolution,https://www.imdb.com/title/tt4739492/?ref_=nm_flmg_t_9_wr
James Cameron,Aliens: Colonial Marines,https://www.imdb.com/title/tt1277125/?ref_=nm_flmg_t_10_wr
James Cameron,Terminator: Termination,https://www.imdb.com/title/tt2076347/?ref_=nm_flmg_t_11_wr
James Cameron,The Terminator,https://www.imdb.com/title/tt4466248/?ref_=nm_flmg_t_12_wr
James Cameron,Terminator 2: Alternate Cut,https://www.imdb.com/title/tt6383240/?ref_=nm_flmg_t_13_wr
James Cameron,Terminator Salvation,https://www.imdb.com/title/tt1956643/?ref_=nm_flmg_t_14_wr
James Cameron,Avatar,https://www.imdb.com/title/tt0499549/?ref_=nm_flmg_t_15_wr
James Cameron,OceanXplorers,https://www.imdb.com/title/tt32589989/?ref_=nm_flmg_unrel_1_prd
James Cameron,Avatar: Fire and Ash,https://www.imdb.com/title/tt1757678/?ref_=nm_flmg_unrel_2_prd
James Cameron,Avatar 4,https://www.imdb.com/title/tt3095356/?ref_=nm_flmg_unrel_3_prd
James Cameron,Avatar 5,https://www.imdb.com/title/tt5637536/?ref_=nm_flmg_unrel_4_prd
James Cameron,The Informationist,https://www.imdb.com/title/tt2475426/?ref_=nm_flmg_unrel_5_prd
James Cameron,Fantastic Voyage,https://www.imdb.com/title/tt1087521/?ref_=nm_flmg_unrel_6_prd
James Cameron,Secrets of the Octopus,https://www.imdb.com/title/tt26351130/?ref_=nm_flmg_t_1_prd
James Cameron,True Lies,https://www.imdb.com/title/tt7380366/?ref_=nm_flmg_t_2_prd
James Cameron,Secrets of the Elephants,https://www.imdb.com/title/tt26351129/?ref_=nm_flmg_t_3_prd
James Cameron,Titanic: 25 Years Later with James Cameron,https://www.imdb.com/title/tt26690633/?ref_=nm_flmg_t_4_prd
James Cameron,Avatar: The Way of Water,https://www.imdb.com/title/tt1630029/?ref_=nm_flmg_t_5_prd
James Cameron,Super/Natural,https://www.imdb.com/title/tt15039908/?ref_=nm_flmg_t_6_prd
James Cameron,Secrets of the Whales,https://www.imdb.com/title/tt12824750/?ref_=nm_flmg_t_7_prd
James Cameron,The Six,https://www.imdb.com/title/tt8517640/?ref_=nm_flmg_t_8_prd
James Cameron,Akashinga: The Brave Ones,https://www.imdb.com/title/tt12191656/?ref_=nm_flmg_t_9_prd
James Cameron,Terminator: Dark Fate,https://www.imdb.com/title/tt6450804/?ref_=nm_flmg_t_10_prd
James Cameron,Alita: Battle Angel,https://www.imdb.com/title/tt0437086/?ref_=nm_flmg_t_11_prd
James Cameron,Story of Science Fiction,https://www.imdb.com/title/tt8344332/?ref_=nm_flmg_t_12_prd
James Cameron,The Game Changers,https://www.imdb.com/title/tt7455754/?ref_=nm_flmg_t_13_prd
James Cameron,Titanic: 20 Years Later with James Cameron,https://www.imdb.com/title/tt7620568/?ref_=nm_flmg_t_14_prd
James Cameron,What Would the Ocean Say?,https://www.imdb.com/title/tt7167522/?ref_=nm_flmg_t_15_prd
James Cameron,Avatar: Fire and Ash,https://www.imdb.com/title/tt1757678/?ref_=nm_flmg_unrel_1_dr
James Cameron,Avatar 4,https://www.imdb.com/title/tt3095356/?ref_=nm_flmg_unrel_2_dr
James Cameron,Avatar 5,https://www.imdb.com/title/tt5637536/?ref_=nm_flmg_unrel_3_dr
James Cameron,The Informationist,https://www.imdb.com/title/tt2475426/?ref_=nm_flmg_unrel_4_dr
James Cameron,Avatar: The Way of Water,https://www.imdb.com/title/tt1630029/?ref_=nm_flmg_t_1_dr
James Cameron,Toruk: The First Flight,https://www.imdb.com/title/tt6404142/?ref_=nm_flmg_t_2_dr
James Cameron,Avatar,https://www.imdb.com/title/tt0499549/?ref_=nm_flmg_t_3_dr
James Cameron,Aliens of the Deep,https://www.imdb.com/title/tt0417415/?ref_=nm_flmg_t_4_dr
James Cameron,Ghosts of the Abyss,https://www.imdb.com/title/tt0297144/?ref_=nm_flmg_t_5_dr
James Cameron,Expedition: Bismarck,https://www.imdb.com/title/tt0330267/?ref_=nm_flmg_t_6_dr
James Cameron,Dark Angel,https://www.imdb.com/title/tt0204993/?ref_=nm_flmg_t_7_dr
James Cameron,Earthship.TV,https://www.imdb.com/title/tt0331475/?ref_=nm_flmg_t_8_dr
James Cameron,Titanic,https://www.imdb.com/title/tt0120338/?ref_=nm_flmg_t_9_dr
James Cameron,T2 3-D: Battle Across Time,https://www.imdb.com/title/tt0117880/?ref_=nm_flmg_t_10_dr
James Cameron,True Lies,https://www.imdb.com/title/tt0111503/?ref_=nm_flmg_t_11_dr
James Cameron,Terminator 2: Judgment Day,https://www.imdb.com/title/tt0103064/?ref_=nm_flmg_t_12_dr
James Cameron,The Abyss,https://www.imdb.com/title/tt0096754/?ref_=nm_flmg_t_13_dr
James Cameron,Martini Ranch: Reach,https://www.imdb.com/title/tt1612767/?ref_=nm_flmg_t_14_dr
James Cameron,Aliens,https://www.imdb.com/title/tt0090605/?ref_=nm_flmg_t_15_dr
Frank Darabont,The Walking Dead,https://www.imdb.com/title/tt1520211/?ref_=nm_flmg_t_1_wr
Frank Darabont,Mob City,https://www.imdb.com/title/tt2176609/?ref_=nm_flmg_t_2_wr
Frank Darabont,The Mist,https://www.imdb.com/title/tt0884328/?ref_=nm_flmg_t_3_wr
Frank Darabont,The Green Mile,https://www.imdb.com/title/tt0120689/?ref_=nm_flmg_t_4_wr
Frank Darabont,"The Adventures of Young Indiana Jones: Oganga, the Giver and Taker of Life",https://www.imdb.com/title/tt0275899/?ref_=nm_flmg_t_5_wr
Frank Darabont,The Adventures of Young Indiana Jones: Adventures in the Secret Service,https://www.imdb.com/title/tt0250196/?ref_=nm_flmg_t_6_wr
Frank Darabont,The Adventures of Young Indiana Jones: The Phantom Train of Doom,https://www.imdb.com/title/tt0278285/?ref_=nm_flmg_t_7_wr
Frank Darabont,The Adventures of Young Indiana Jones,https://www.imdb.com/title/tt9733630/?ref_=nm_flmg_t_8_wr
Frank Darabont,The Adventures of Young Indiana Jones: Daredevils of the Desert,https://www.imdb.com/title/tt0275186/?ref_=nm_flmg_t_9_wr
Frank Darabont,Black Cat Run,https://www.imdb.com/title/tt0138326/?ref_=nm_flmg_t_10_wr
Frank Darabont,The Adventures of Young Indiana Jones: Travels with Father,https://www.imdb.com/title/tt0154003/?ref_=nm_flmg_t_11_wr
Frank Darabont,Frankenstein,https://www.imdb.com/title/tt0109836/?ref_=nm_flmg_t_12_wr
Frank Darabont,The Shawshank Redemption,https://www.imdb.com/title/tt0111161/?ref_=nm_flmg_t_13_wr
Frank Darabont,Nightshift Collection,https://www.imdb.com/title/tt2028526/?ref_=nm_flmg_t_14_wr
Frank Darabont,The Young Indiana Jones Chronicles,https://www.imdb.com/title/tt0103586/?ref_=nm_flmg_t_15_wr
Frank Darabont,Walking the Mile (Director's Cut),https://www.imdb.com/title/tt4453152/?ref_=nm_flmg_t_1_prd
Frank Darabont,Mob City,https://www.imdb.com/title/tt2176609/?ref_=nm_flmg_t_2_prd
Frank Darabont,The Walking Dead,https://www.imdb.com/title/tt1520211/?ref_=nm_flmg_t_3_prd
Frank Darabont,The Mist,https://www.imdb.com/title/tt0884328/?ref_=nm_flmg_t_4_prd
Frank Darabont,Raines,https://www.imdb.com/title/tt0802148/?ref_=nm_flmg_t_5_prd
Frank Darabont,Collateral,https://www.imdb.com/title/tt0369339/?ref_=nm_flmg_t_6_prd
Frank Darabont,The Salton Sea,https://www.imdb.com/title/tt0235737/?ref_=nm_flmg_t_7_prd
Frank Darabont,The Majestic,https://www.imdb.com/title/tt0268995/?ref_=nm_flmg_t_8_prd
Frank Darabont,Walking the Mile,https://www.imdb.com/title/tt0348340/?ref_=nm_flmg_t_9_prd
Frank Darabont,The Green Mile,https://www.imdb.com/title/tt0120689/?ref_=nm_flmg_t_10_prd
Frank Darabont,Black Cat Run,https://www.imdb.com/title/tt0138326/?ref_=nm_flmg_t_11_prd
Frank Darabont,Mob City,https://www.imdb.com/title/tt2176609/?ref_=nm_flmg_t_1_dr
Frank Darabont,The Walking Dead,https://www.imdb.com/title/tt1520211/?ref_=nm_flmg_t_2_dr
Frank Darabont,The Mist,https://www.imdb.com/title/tt0884328/?ref_=nm_flmg_t_3_dr
Frank Darabont,The Shield,https://www.imdb.com/title/tt0286486/?ref_=nm_flmg_t_4_dr
Frank Darabont,Raines,https://www.imdb.com/title/tt0802148/?ref_=nm_flmg_t_5_dr
Frank Darabont,The Majestic,https://www.imdb.com/title/tt0268995/?ref_=nm_flmg_t_6_dr
Frank Darabont,The Green Mile,https://www.imdb.com/title/tt0120689/?ref_=nm_flmg_t_7_dr
Frank Darabont,The Shawshank Redemption,https://www.imdb.com/title/tt0111161/?ref_=nm_flmg_t_8_dr
Frank Darabont,Nightshift Collection,https://www.imdb.com/title/tt2028526/?ref_=nm_flmg_t_9_dr
Frank Darabont,Buried Alive,https://www.imdb.com/title/tt0099188/?ref_=nm_flmg_t_10_dr
Frank Darabont,The Woman in the Room,https://www.imdb.com/title/tt0086534/?ref_=nm_flmg_t_11_dr
Sam Mendes,The End,https://www.imdb.com/title/tt15551346/?ref_=nm_flmg_unrel_1_prd
Sam Mendes,The Franchise,https://www.imdb.com/title/tt21614420/?ref_=nm_flmg_unrel_2_prd
Sam Mendes,The Magic Faraway Tree,https://www.imdb.com/title/tt7734244/?ref_=nm_flmg_unrel_3_prd
Sam Mendes,Flavia De Luce,https://www.imdb.com/title/tt3115892/?ref_=nm_flmg_unrel_4_prd
Sam Mendes,Beautiful Ruins,https://www.imdb.com/title/tt2829006/?ref_=nm_flmg_unrel_5_prd
Sam Mendes,Informant,https://www.imdb.com/title/tt28154445/?ref_=nm_flmg_unrel_6_prd
Sam Mendes,Hamnet,https://www.imdb.com/title/tt14905854/?ref_=nm_flmg_unrel_7_prd
Sam Mendes,David Copperfield,https://www.imdb.com/title/tt28666867/?ref_=nm_flmg_t_1_prd
Sam Mendes,Oliver Twist,https://www.imdb.com/title/tt23865086/?ref_=nm_flmg_t_2_prd
Sam Mendes,Empire of Light,https://www.imdb.com/title/tt14402146/?ref_=nm_flmg_t_3_prd
Sam Mendes,Ben Stokes: Phoenix from the Ashes,https://www.imdb.com/title/tt21921074/?ref_=nm_flmg_t_4_prd
Sam Mendes,Penny Dreadful: City of Angels,https://www.imdb.com/title/tt10361016/?ref_=nm_flmg_t_5_prd
Sam Mendes,1917,https://www.imdb.com/title/tt8579674/?ref_=nm_flmg_t_6_prd
Sam Mendes,Britannia,https://www.imdb.com/title/tt5932548/?ref_=nm_flmg_t_7_prd
Sam Mendes,Informer,https://www.imdb.com/title/tt7161312/?ref_=nm_flmg_t_8_prd
Sam Mendes,Penny Dreadful,https://www.imdb.com/title/tt2628232/?ref_=nm_flmg_t_9_prd
Sam Mendes,The Hollow Crown,https://www.imdb.com/title/tt2262456/?ref_=nm_flmg_t_10_prd
Sam Mendes,Grand Hotel,https://www.imdb.com/title/tt2805632/?ref_=nm_flmg_t_11_prd
Sam Mendes,Shrek the Musical,https://www.imdb.com/title/tt3070936/?ref_=nm_flmg_t_12_prd
Sam Mendes,Blood,https://www.imdb.com/title/tt2078552/?ref_=nm_flmg_t_13_prd
Sam Mendes,Out of the Ashes,https://www.imdb.com/title/tt1691334/?ref_=nm_flmg_t_14_prd
Sam Mendes,Revolutionary Road,https://www.imdb.com/title/tt0959337/?ref_=nm_flmg_t_15_prd
Sam Mendes,The Franchise,https://www.imdb.com/title/tt21614420/?ref_=nm_flmg_unrel_1_dr
Sam Mendes,Untitled Ringo Starr Biopic,https://www.imdb.com/title/tt31632019/?ref_=nm_flmg_unrel_2_dr
Sam Mendes,Untitled George Harrison Biopic,https://www.imdb.com/title/tt31631998/?ref_=nm_flmg_unrel_3_dr
Sam Mendes,Untitled Paul McCartney Biopic,https://www.imdb.com/title/tt31631973/?ref_=nm_flmg_unrel_4_dr
Sam Mendes,Untitled John Lennon Biopic,https://www.imdb.com/title/tt31631954/?ref_=nm_flmg_unrel_5_dr
Sam Mendes,Flavia De Luce,https://www.imdb.com/title/tt3115892/?ref_=nm_flmg_unrel_6_dr
Sam Mendes,National Theatre Live: The Motive and the Cue,https://www.imdb.com/title/tt23781890/?ref_=nm_flmg_t_1_dr
Sam Mendes,Empire of Light,https://www.imdb.com/title/tt14402146/?ref_=nm_flmg_t_2_dr
Sam Mendes,1917,https://www.imdb.com/title/tt8579674/?ref_=nm_flmg_t_3_dr
Sam Mendes,National Theatre Live: The Lehman Trilogy,https://www.imdb.com/title/tt10127546/?ref_=nm_flmg_t_4_dr
Sam Mendes,Louis Vuitton: Attrape-RÃªves - Where Will Your Journey Take You?,https://www.imdb.com/title/tt9005250/?ref_=nm_flmg_t_5_dr
Sam Mendes,Spectre,https://www.imdb.com/title/tt2379713/?ref_=nm_flmg_t_6_dr
Sam Mendes,National Theatre Live: King Lear,https://www.imdb.com/title/tt3704248/?ref_=nm_flmg_t_7_dr
Sam Mendes,Skyfall,https://www.imdb.com/title/tt1074638/?ref_=nm_flmg_t_8_dr
Sam Mendes,Away We Go,https://www.imdb.com/title/tt1176740/?ref_=nm_flmg_t_9_dr
Sam Mendes,Revolutionary Road,https://www.imdb.com/title/tt0959337/?ref_=nm_flmg_t_10_dr
Sam Mendes,Jarhead,https://www.imdb.com/title/tt0418763/?ref_=nm_flmg_t_11_dr
Sam Mendes,Road to Perdition,https://www.imdb.com/title/tt0257044/?ref_=nm_flmg_t_12_dr
Sam Mendes,American Beauty,https://www.imdb.com/title/tt0169547/?ref_=nm_flmg_t_13_dr
Sam Mendes,Cabaret,https://www.imdb.com/title/tt0436153/?ref_=nm_flmg_t_14_dr
Sam Mendes,The Franchise,https://www.imdb.com/title/tt21614420/?ref_=nm_flmg_unrel_1_wr
Sam Mendes,Empire of Light,https://www.imdb.com/title/tt14402146/?ref_=nm_flmg_t_1_wr
Sam Mendes,1917,https://www.imdb.com/title/tt8579674/?ref_=nm_flmg_t_2_wr
Jordan Peele,Untitled Fourth Film Directed by Jordan Peele,https://www.imdb.com/title/tt27192617/?ref_=nm_flmg_unrel_1_dr
Jordan Peele,Nope,https://www.imdb.com/title/tt10954984/?ref_=nm_flmg_t_1_dr
Jordan Peele,Us,https://www.imdb.com/title/tt6857112/?ref_=nm_flmg_t_2_dr
Jordan Peele,Get Out,https://www.imdb.com/title/tt5052448/?ref_=nm_flmg_t_3_dr
Jordan Peele,Battlestar Ga-FRAK-tica,https://www.imdb.com/title/tt30692158/?ref_=nm_flmg_t_4_dr
Jordan Peele,Untitled Fourth Film Directed by Jordan Peele,https://www.imdb.com/title/tt27192617/?ref_=nm_flmg_unrel_1_wr
Jordan Peele,OD,https://www.imdb.com/title/tt30333632/?ref_=nm_flmg_unrel_2_wr
Jordan Peele,Wendell & Wild,https://www.imdb.com/title/tt5181830/?ref_=nm_flmg_t_1_wr
Jordan Peele,Nope,https://www.imdb.com/title/tt10954984/?ref_=nm_flmg_t_2_wr
Jordan Peele,The Last O.G.,https://www.imdb.com/title/tt5363912/?ref_=nm_flmg_t_3_wr
Jordan Peele,Candyman,https://www.imdb.com/title/tt9347730/?ref_=nm_flmg_t_4_wr
Jordan Peele,The Twilight Zone,https://www.imdb.com/title/tt2583620/?ref_=nm_flmg_t_5_wr
Jordan Peele,Us,https://www.imdb.com/title/tt6857112/?ref_=nm_flmg_t_6_wr
Jordan Peele,Weird City,https://www.imdb.com/title/tt8633518/?ref_=nm_flmg_t_7_wr
Jordan Peele,Get Out,https://www.imdb.com/title/tt5052448/?ref_=nm_flmg_t_8_wr
Jordan Peele,Keanu,https://www.imdb.com/title/tt4139124/?ref_=nm_flmg_t_9_wr
Jordan Peele,Key and Peele,https://www.imdb.com/title/tt1981558/?ref_=nm_flmg_t_10_wr
Jordan Peele,Rubberhead,https://www.imdb.com/title/tt4215666/?ref_=nm_flmg_t_11_wr
Jordan Peele,Epic Rap Battles of History,https://www.imdb.com/title/tt2039625/?ref_=nm_flmg_t_12_wr
Jordan Peele,Laugh Factory,https://www.imdb.com/title/tt5819408/?ref_=nm_flmg_t_13_wr
Jordan Peele,Obama,https://www.imdb.com/title/tt2566594/?ref_=nm_flmg_t_14_wr
Jordan Peele,MadTV,https://www.imdb.com/title/tt0112056/?ref_=nm_flmg_t_15_wr
Jordan Peele,Him,https://www.imdb.com/title/tt20990442/?ref_=nm_flmg_unrel_1_prd
Jordan Peele,Untitled Fourth Film Directed by Jordan Peele,https://www.imdb.com/title/tt27192617/?ref_=nm_flmg_unrel_2_prd
Jordan Peele,Scare Tactics,https://www.imdb.com/title/tt33039423/?ref_=nm_flmg_unrel_3_prd
Jordan Peele,The People Under the Stairs,https://www.imdb.com/title/tt20721554/?ref_=nm_flmg_unrel_4_prd
Jordan Peele,Monkey Man,https://www.imdb.com/title/tt9214772/?ref_=nm_flmg_t_1_prd
Jordan Peele,Hunters,https://www.imdb.com/title/tt7456722/?ref_=nm_flmg_t_2_prd
Jordan Peele,Quiet Part Loud,https://www.imdb.com/title/tt23838698/?ref_=nm_flmg_t_3_prd
Jordan Peele,Wendell & Wild,https://www.imdb.com/title/tt5181830/?ref_=nm_flmg_t_4_prd
Jordan Peele,Nope,https://www.imdb.com/title/tt10954984/?ref_=nm_flmg_t_5_prd
Jordan Peele,Moshari,https://www.imdb.com/title/tt17499740/?ref_=nm_flmg_t_6_prd
Jordan Peele,Honk for Jesus. Save Your Soul.,https://www.imdb.com/title/tt12655436/?ref_=nm_flmg_t_7_prd
Jordan Peele,The Last O.G.,https://www.imdb.com/title/tt5363912/?ref_=nm_flmg_t_8_prd
Jordan Peele,Candyman,https://www.imdb.com/title/tt9347730/?ref_=nm_flmg_t_9_prd
Jordan Peele,Lovecraft Country,https://www.imdb.com/title/tt6905686/?ref_=nm_flmg_t_10_prd
Jordan Peele,The Twilight Zone,https://www.imdb.com/title/tt2583620/?ref_=nm_flmg_t_11_prd
Jordan Peele,Hair Love,https://www.imdb.com/title/tt7129636/?ref_=nm_flmg_t_12_prd
Jordan Peele,Us,https://www.imdb.com/title/tt6857112/?ref_=nm_flmg_t_13_prd
Jordan Peele,Lorena,https://www.imdb.com/title/tt9134666/?ref_=nm_flmg_t_14_prd
Jordan Peele,Weird City,https://www.imdb.com/title/tt8633518/?ref_=nm_flmg_t_15_prd
